scenario_id,scenario_name,policy,scrap_level,dri_alternative,fleet_id,solver_status,objective,feasible,share_BF-BOF_2030,share_BF-BOF_2050,share_BF-BOF_2070,share_Coal-DRI-EAF_2030,share_Coal-DRI-EAF_2050,share_Coal-DRI-EAF_2070,share_Coal-DRI-IF_2030,share_Coal-DRI-IF_2050,share_Coal-DRI-IF_2070,share_NG-DRI-EAF_2030,share_NG-DRI-EAF_2050,share_NG-DRI-EAF_2070,share_H2-DRI-EAF_2030,share_H2-DRI-EAF_2050,share_H2-DRI-EAF_2070,share_Scrap-EAF_2030,share_Scrap-EAF_2050,share_Scrap-EAF_2070,H2_2030,H2_2050,H2_2070,electricity_2030,electricity_2050,electricity_2070,scrap_2030,scrap_2050,scrap_2070,coal_2030,coal_2050,coal_2070,gas_2030,gas_2050,gas_2070,ore_2030,ore_2050,ore_2070,CO2_2030,CO2_2050,CO2_2070,investment_2030,investment_2050,investment_2070
CONTROL_CPS,CPS / CONTROL (no uncertainty overrides),CPS,,,,0,506663.08615429624,True,0.0,0.0,0.0,0.0,0.0,0.0,0.0,0.0,0.0,0.0,0.0,0.0,0.0,0.0,0.0,1.0,1.0,1.0,0.0,0.0,0.0,101.99692307692308,249.60000000000002,328.40000000000003,-0.0,-0.0,-0.0,0.0,0.0,0.0,-0.0,-0.0,-0.0,-0.0,-0.0,-0.0,12.749615384615385,31.200000000000003,41.050000000000004,943.0196581196578,943.0196581196565,503.444444444445
CPS_SCRAP_LOW_DRI_IBM_FLEET_CONSERVATIVE,CPS / SCRAP_LOW / DRI_IBM / FLEET_CONSERVATIVE,CPS,SCRAP_LOW,DRI_IBM,FLEET_CONSERVATIVE,0,1266918.9709397447,True,0.0,0.4730867850098619,0.5995202848308816,0.0,0.0,0.0,1.0,0.5269132149901381,0.40047971516911834,0.0,0.0,0.0,0.0,0.0,0.0,0.0,0.0,0.0,0.0,0.0,0.0,178.49461538461537,244.916,254.766,38.24884615384615,93.6,123.15,152.9953846153846,197.2763076923077,197.2763076923077,-0.0,-0.0,-0.0,152.9953846153846,625.3252307692308,910.9752307692307,586.4823076923077,1506.0494769230768,2006.429476923077,10445.00972850679,1496.531196581201,798.9444444444454
CPS_SCRAP_LOW_DRI_IBM_FLEET_CENTRAL,CPS / SCRAP_LOW / DRI_IBM / FLEET_CENTRAL,CPS,SCRAP_LOW,DRI_IBM,FLEET_CENTRAL,0,1291201.8786681613,True,0.0,0.5026547090729785,0.6219933476998034,0.0,0.0,0.0,1.0,0.49734529092702157,0.37800665230019664,0.0,0.0,0.0,0.0,0.0,0.0,0.0,0.0,0.0,0.0,0.0,0.0,178.49461538461537,232.92324999999994,242.77324999999993,38.24884615384615,93.6,123.14999999999999,152.9953846153846,186.20607692307686,186.20607692307686,-0.0,-0.0,-0.0,152.9953846153846,641.0080576923078,926.6580576923077,586.4823076923077,1510.4775692307694,2010.8575692307693,11578.028959276013,1496.531196581192,798.9444444444537
CPS_SCRAP_LOW_DRI_IBM_FLEET_ALTERNATIVE,CPS / SCRAP_LOW / DRI_IBM / FLEET_ALTERNATIVE,CPS,SCRAP_LOW,DRI_IBM,FLEET_ALTERNATIVE,0,1299650.6966370502,True,0.0,0.5173631656804734,0.6331724913332708,0.0,0.0,0.0,1.0,0.4826368343195267,0.3668275086667292,0.0,0.0,0.0,0.0,0.0,0.0,0.0,0.0,0.0,0.0,0.0,0.0,178.49461538461537,226.9575,236.8075,38.24884615384615,93.6,123.14999999999999,152.9953846153846,180.69923076923078,180.69923076923078,-0.0,-0.0,-0.0,152.9953846153846,648.8094230769229,934.4594230769229,586.4823076923077,1512.6803076923077,2013.0603076923076,12014.456334841632,1496.531196581192,798.9444444444454
CPS_SCRAP_LOW_DRI_CEEW_FLEET_CONSERVATIVE,CPS / SCRAP_LOW / DRI_CEEW / FLEET_CONSERVATIVE,CPS,SCRAP_LOW,DRI_CEEW,FLEET_CONSERVATIVE,0,1399881.214033909,True,1.0,1.0,1.0,0.0,0.0,0.0,-0.0,-0.0,-0.0,0.0,0.0,0.0,0.0,0.0,0.0,0.0,0.0,0.0,0.0,0.0,0.0,12.749615384615385,31.200000000000003,41.050000000000004,38.24884615384615,93.6,123.14999999999999,0.0,0.0,0.0,-0.0,-0.0,-0.0,369.73884615384617,904.8,1190.45,647.6804615384615,1584.96,2085.34,1496.5311965811961,1496.5311965811961,798.9444444444454
CPS_SCRAP_LOW_DRI_CEEW_FLEET_CENTRAL,CPS / SCRAP_LOW / DRI_CEEW / FLEET_CENTRAL,CPS,SCRAP_LOW,DRI_CEEW,FLEET_CENTRAL,0,1405674.8113143614,True,1.0,1.0,1.0,0.0,0.0,0.0,-0.0,-0.0,-0.0,0.0,0.0,0.0,0.0,0.0,0.0,0.0,0.0,0.0,0.0,0.0,0.0,12.749615384615385,31.200000000000003,41.050000000000004,38.24884615384615,93.6,123.14999999999999,0.0,0.0,0.0,-0.0,-0.0,-0.0,369.73884615384617,904.8,1190.45,647.6804615384615,1584.96,2085.34,1496.5311965811961,1496.5311965811961,798.9444444444454
CPS_SCRAP_LOW_DRI_CEEW_FLEET_ALTERNATIVE,CPS / SCRAP_LOW / DRI_CEEW / FLEET_ALTERNATIVE,CPS,SCRAP_LOW,DRI_CEEW,FLEET_ALTERNATIVE,0,1405674.8113143614,True,1.0,1.0,1.0,0.0,0.0,0.0,-0.0,-0.0,-0.0,0.0,0.0,0.0,0.0,0.0,0.0,0.0,0.0,0.0,0.0,0.0,0.0,12.749615384615385,31.200000000000003,41.050000000000004,38.24884615384615,93.6,123.14999999999999,0.0,0.0,0.0,-0.0,-0.0,-0.0,369.73884615384617,904.8,1190.45,647.6804615384615,1584.96,2085.34,1496.5311965811961,1496.5311965811961,798.9444444444454
CPS_SCRAP_HIGH_DRI_IBM_FLEET_CONSERVATIVE,CPS / SCRAP_HIGH / DRI_IBM / FLEET_CONSERVATIVE,CPS,SCRAP_HIGH,DRI_IBM,FLEET_CONSERVATIVE,0,1266918.9709397447,True,0.0,0.4730867850098619,0.5995202848308816,0.0,0.0,0.0,1.0,0.5269132149901381,0.40047971516911834,0.0,0.0,0.0,0.0,0.0,0.0,0.0,0.0,0.0,0.0,0.0,0.0,178.49461538461537,244.916,254.766,38.24884615384615,93.6,123.15,152.9953846153846,197.2763076923077,197.2763076923077,-0.0,-0.0,-0.0,152.9953846153846,625.3252307692308,910.9752307692307,586.4823076923077,1506.0494769230768,2006.429476923077,10445.00972850679,1496.531196581201,798.9444444444454
CPS_SCRAP_HIGH_DRI_IBM_FLEET_CENTRAL,CPS / SCRAP_HIGH / DRI_IBM / FLEET_CENTRAL,CPS,SCRAP_HIGH,DRI_IBM,FLEET_CENTRAL,0,1291201.8786681613,True,0.0,0.5026547090729785,0.6219933476998034,0.0,0.0,0.0,1.0,0.49734529092702157,0.37800665230019664,0.0,0.0,0.0,0.0,0.0,0.0,0.0,0.0,0.0,0.0,0.0,0.0,178.49461538461537,232.92324999999994,242.77324999999993,38.24884615384615,93.6,123.14999999999999,152.9953846153846,186.20607692307686,186.20607692307686,-0.0,-0.0,-0.0,152.9953846153846,641.0080576923078,926.6580576923077,586.4823076923077,1510.4775692307694,2010.8575692307693,11578.028959276013,1496.531196581192,798.9444444444537
CPS_SCRAP_HIGH_DRI_IBM_FLEET_ALTERNATIVE,CPS / SCRAP_HIGH / DRI_IBM / FLEET_ALTERNATIVE,CPS,SCRAP_HIGH,DRI_IBM,FLEET_ALTERNATIVE,0,1299650.6966370502,True,0.0,0.5173631656804734,0.6331724913332708,0.0,0.0,0.0,1.0,0.4826368343195267,0.3668275086667292,0.0,0.0,0.0,0.0,0.0,0.0,0.0,0.0,0.0,0.0,0.0,0.0,178.49461538461537,226.9575,236.8075,38.24884615384615,93.6,123.14999999999999,152.9953846153846,180.69923076923078,180.69923076923078,-0.0,-0.0,-0.0,152.9953846153846,648.8094230769229,934.4594230769229,586.4823076923077,1512.6803076923077,2013.0603076923076,12014.456334841632,1496.531196581192,798.9444444444454
CPS_SCRAP_HIGH_DRI_CEEW_FLEET_CONSERVATIVE,CPS / SCRAP_HIGH / DRI_CEEW / FLEET_CONSERVATIVE,CPS,SCRAP_HIGH,DRI_CEEW,FLEET_CONSERVATIVE,0,1399881.214033909,True,1.0,1.0,1.0,0.0,0.0,0.0,-0.0,-0.0,-0.0,0.0,0.0,0.0,0.0,0.0,0.0,0.0,0.0,0.0,0.0,0.0,0.0,12.749615384615385,31.200000000000003,41.050000000000004,38.24884615384615,93.6,123.14999999999999,0.0,0.0,0.0,-0.0,-0.0,-0.0,369.73884615384617,904.8,1190.45,647.6804615384615,1584.96,2085.34,1496.5311965811961,1496.5311965811961,798.9444444444454
CPS_SCRAP_HIGH_DRI_CEEW_FLEET_CENTRAL,CPS / SCRAP_HIGH / DRI_CEEW / FLEET_CENTRAL,CPS,SCRAP_HIGH,DRI_CEEW,FLEET_CENTRAL,0,1405674.8113143614,True,1.0,1.0,1.0,0.0,0.0,0.0,-0.0,-0.0,-0.0,0.0,0.0,0.0,0.0,0.0,0.0,0.0,0.0,0.0,0.0,0.0,0.0,12.749615384615385,31.200000000000003,41.050000000000004,38.24884615384615,93.6,123.14999999999999,0.0,0.0,0.0,-0.0,-0.0,-0.0,369.73884615384617,904.8,1190.45,647.6804615384615,1584.96,2085.34,1496.5311965811961,1496.5311965811961,798.9444444444454
CPS_SCRAP_HIGH_DRI_CEEW_FLEET_ALTERNATIVE,CPS / SCRAP_HIGH / DRI_CEEW / FLEET_ALTERNATIVE,CPS,SCRAP_HIGH,DRI_CEEW,FLEET_ALTERNATIVE,0,1405674.8113143614,True,1.0,1.0,1.0,0.0,0.0,0.0,-0.0,-0.0,-0.0,0.0,0.0,0.0,0.0,0.0,0.0,0.0,0.0,0.0,0.0,0.0,0.0,12.749615384615385,31.200000000000003,41.050000000000004,38.24884615384615,93.6,123.14999999999999,0.0,0.0,0.0,-0.0,-0.0,-0.0,369.73884615384617,904.8,1190.45,647.6804615384615,1584.96,2085.34,1496.5311965811961,1496.5311965811961,798.9444444444454
CONTROL_NZS,NZS / CONTROL (no uncertainty overrides),NZS,,,,0,506663.08615429624,True,0.0,0.0,0.0,0.0,0.0,0.0,0.0,0.0,0.0,0.0,0.0,0.0,0.0,0.0,0.0,1.0,1.0,1.0,0.0,0.0,0.0,101.99692307692308,249.60000000000002,328.40000000000003,-0.0,-0.0,-0.0,0.0,0.0,0.0,-0.0,-0.0,-0.0,-0.0,-0.0,-0.0,12.749615384615385,31.200000000000003,41.050000000000004,943.0196581196578,943.0196581196565,503.444444444445
NZS_SCRAP_LOW_DRI_IBM_FLEET_CONSERVATIVE,NZS / SCRAP_LOW / DRI_IBM / FLEET_CONSERVATIVE,NZS,SCRAP_LOW,DRI_IBM,FLEET_CONSERVATIVE,0,1267356.1335037064,True,0.0,0.4730867850098619,0.5035397732596272,0.0,0.0,0.0,1.0,0.5269132149901381,0.40047971516911834,0.0,0.0,-0.0,0.0,0.0,0.0,0.0,0.0,0.09598051157125444,0.0,0.0,0.0,178.49461538461537,244.916,282.34599999999995,38.24884615384615,93.6,190.1299999999999,152.9953846153846,197.2763076923077,197.2763076923077,-0.0,-0.0,-0.0,152.9953846153846,625.3252307692308,796.7152307692309,586.4823076923077,1506.0494769230768,1810.2174769230774,10445.00972850679,1496.531196581201,503.4444444444457
NZS_SCRAP_LOW_DRI_IBM_FLEET_CENTRAL,NZS / SCRAP_LOW / DRI_IBM / FLEET_CENTRAL,NZS,SCRAP_LOW,DRI_IBM,FLEET_CENTRAL,0,1291676.305154824,True,0.0,0.5026547090729785,0.5260128361285489,0.0,0.0,0.0,1.0,0.49734529092702157,0.37800665230019664,0.0,0.0,0.009866017052375152,0.0,0.0,0.0,0.0,0.0,0.08611449451887933,0.0,0.0,0.0,178.49461538461537,232.92324999999994,271.56824999999986,38.24884615384615,93.6,183.64999999999992,152.9953846153846,186.20607692307686,186.20607692307686,-0.0,-0.0,86.66999999999999,152.9953846153846,641.0080576923078,823.738057692308,586.4823076923077,1510.4775692307694,1822.3405692307695,11578.028959276013,1496.531196581192,503.444444444445
NZS_SCRAP_LOW_DRI_IBM_FLEET_ALTERNATIVE,NZS / SCRAP_LOW / DRI_IBM / FLEET_ALTERNATIVE,NZS,SCRAP_LOW,DRI_IBM,FLEET_ALTERNATIVE,0,1300125.123123713,True,0.0,0.5173631656804734,0.5371919797620163,0.0,0.0,0.0,1.0,0.4826368343195267,0.3668275086667292,0.0,0.0,0.009866017052375152,0.0,0.0,0.0,0.0,0.0,0.0861144945188794,0.0,0.0,0.0,178.49461538461537,226.9575,265.60249999999996,38.24884615384615,93.6,183.64999999999998,152.9953846153846,180.69923076923078,180.69923076923078,-0.0,-0.0,86.66999999999999,152.9953846153846,648.8094230769229,831.5394230769231,586.4823076923077,1512.6803076923077,1824.5433076923075,12014.456334841632,1496.531196581192,503.4444444444457
NZS_SCRAP_LOW_DRI_CEEW_FLEET_CONSERVATIVE,NZS / SCRAP_LOW / DRI_CEEW / FLEET_CONSERVATIVE,NZS,SCRAP_LOW,DRI_CEEW,FLEET_CONSERVATIVE,0,1400318.3765978701,True,1.0,1.0,0.9040194884287455,0.0,0.0,0.0,-0.0,-0.0,-0.0,0.0,0.0,-0.0,0.0,0.0,0.0,0.0,0.0,0.0959805115712545,0.0,0.0,0.0,12.749615384615385,31.200000000000003,68.63,38.24884615384615,93.6,190.12999999999994,0.0,0.0,0.0,-0.0,-0.0,-0.0,369.73884615384617,904.8,1076.19,647.6804615384615,1584.96,1889.1280000000002,1496.5311965811961,1496.5311965811961,503.4444444444457
NZS_SCRAP_LOW_DRI_CEEW_FLEET_CENTRAL,NZS / SCRAP_LOW / DRI_CEEW / FLEET_CENTRAL,NZS,SCRAP_LOW,DRI_CEEW,FLEET_CENTRAL,0,1406149.2378010247,True,1.0,1.0,0.9040194884287458,0.0,0.0,0.0,-0.0,-0.0,-0.0,0.0,0.0,0.009866017052375152,0.0,0.0,0.0,0.0,0.0,0.08611449451887905,0.0,0.0,0.0,12.749615384615385,31.200000000000003,69.8449999999999,38.24884615384615,93.6,183.64999999999975,0.0,0.0,0.0,-0.0,-0.0,86.66999999999999,369.73884615384617,904.8,1087.5300000000002,647.6804615384615,1584.96,1896.8230000000008,1496.5311965811961,1496.5311965811961,503.4444444444457
NZS_SCRAP_LOW_DRI_CEEW_FLEET_ALTERNATIVE,NZS / SCRAP_LOW / DRI_CEEW / FLEET_ALTERNATIVE,NZS,SCRAP_LOW,DRI_CEEW,FLEET_ALTERNATIVE,0,1406149.2378010247,True,1.0,1.0,0.9040194884287454,0.0,0.0,0.0,-0.0,-0.0,-0.0,0.0,0.0,0.009866017052375152,0.0,0.0,0.0,0.0,0.0,0.08611449451887947,0.0,0.0,0.0,12.749615384615385,31.200000000000003,69.84500000000001,38.24884615384615,93.6,183.65000000000003,0.0,0.0,0.0,-0.0,-0.0,86.66999999999999,369.73884615384617,904.8,1087.5299999999997,647.6804615384615,1584.96,1896.8229999999999,1496.5311965811961,1496.5311965811961,503.4444444444457
NZS_SCRAP_HIGH_DRI_IBM_FLEET_CONSERVATIVE,NZS / SCRAP_HIGH / DRI_IBM / FLEET_CONSERVATIVE,NZS,SCRAP_HIGH,DRI_IBM,FLEET_CONSERVATIVE,0,1267751.0451753766,True,0.0,0.4730867850098619,0.5155373372060339,0.0,0.0,0.0,1.0,0.5269132149901381,0.40047971516911834,0.0,0.0,-0.0,0.0,0.0,0.0,0.0,0.0,0.08398294762484773,0.0,0.0,0.0,178.49461538461537,244.916,278.8985,38.24884615384615,93.6,192.09999999999997,152.9953846153846,197.2763076923077,197.2763076923077,-0.0,-0.0,-0.0,152.9953846153846,625.3252307692308,810.9977307692308,586.4823076923077,1506.0494769230768,1834.743976923077,10445.00972850679,1496.531196581201,503.4444444444457
NZS_SCRAP_HIGH_DRI_IBM_FLEET_CENTRAL,NZS / SCRAP_HIGH / DRI_IBM / FLEET_CENTRAL,NZS,SCRAP_HIGH,DRI_IBM,FLEET_CENTRAL,0,1292004.8180979493,True,0.0,0.5026547090729785,0.5380104000749556,0.0,0.0,0.0,1.0,0.49734529092702157,0.37800665230019664,0.0,0.0,0.009866017052375152,0.0,0.0,0.0,0.0,0.0,0.07411693057247262,0.0,0.0,0.0,178.49461538461537,232.92324999999994,268.12074999999993,38.24884615384615,93.6,184.40500000000003,152.9953846153846,186.20607692307686,186.20607692307686,-0.0,-0.0,86.66999999999999,152.9953846153846,641.0080576923078,838.0205576923078,586.4823076923077,1510.4775692307694,1846.867069230769,11578.028959276013,1496.531196581192,503.44444444444537
NZS_SCRAP_HIGH_DRI_IBM_FLEET_ALTERNATIVE,NZS / SCRAP_HIGH / DRI_IBM / FLEET_ALTERNATIVE,NZS,SCRAP_HIGH,DRI_IBM,FLEET_ALTERNATIVE,0,1300453.6360668382,True,0.0,0.5173631656804734,0.549189543708423,0.0,0.0,0.0,1.0,0.4826368343195267,0.3668275086667292,0.0,0.0,0.009866017052375152,0.0,0.0,0.0,0.0,0.0,0.07411693057247269,0.0,0.0,0.0,178.49461538461537,226.9575,262.15500000000003,38.24884615384615,93.6,184.4050000000001,152.9953846153846,180.69923076923078,180.69923076923078,-0.0,-0.0,86.66999999999999,152.9953846153846,648.8094230769229,845.8219230769229,586.4823076923077,1512.6803076923077,1849.0698076923072,12014.456334841632,1496.531196581192,503.4444444444457
NZS_SCRAP_HIGH_DRI_CEEW_FLEET_CONSERVATIVE,NZS / SCRAP_HIGH / DRI_CEEW / FLEET_CONSERVATIVE,NZS,SCRAP_HIGH,DRI_CEEW,FLEET_CONSERVATIVE,0,1400713.2882695412,True,1.0,1.0,0.9160170523751522,0.0,0.0,0.0,-0.0,-0.0,-0.0,0.0,0.0,-0.0,0.0,0.0,0.0,0.0,0.0,0.0839829476248478,0.0,0.0,0.0,12.749615384615385,31.200000000000003,65.18250000000002,38.24884615384615,93.6,192.10000000000002,0.0,0.0,0.0,-0.0,-0.0,-0.0,369.73884615384617,904.8,1090.4724999999999,647.6804615384615,1584.96,1913.6544999999999,1496.5311965811961,1496.5311965811961,503.4444444444457
NZS_SCRAP_HIGH_DRI_CEEW_FLEET_CENTRAL,NZS / SCRAP_HIGH / DRI_CEEW / FLEET_CENTRAL,NZS,SCRAP_HIGH,DRI_CEEW,FLEET_CENTRAL,0,1406477.7507441505,True,1.0,1.0,0.9160170523751525,0.0,0.0,0.0,-0.0,-0.0,-0.0,0.0,0.0,0.009866017052375152,0.0,0.0,0.0,0.0,0.0,0.07411693057247234,0.0,0.0,0.0,12.749615384615385,31.200000000000003,66.39749999999994,38.24884615384615,93.6,184.4049999999998,0.0,0.0,0.0,-0.0,-0.0,86.66999999999999,369.73884615384617,904.8,1101.8125000000002,647.6804615384615,1584.96,1921.3495000000005,1496.5311965811961,1496.5311965811961,503.4444444444457
NZS_SCRAP_HIGH_DRI_CEEW_FLEET_ALTERNATIVE,NZS / SCRAP_HIGH / DRI_CEEW / FLEET_ALTERNATIVE,NZS,SCRAP_HIGH,DRI_CEEW,FLEET_ALTERNATIVE,0,1406477.7507441503,True,1.0,1.0,0.9160170523751521,0.0,0.0,0.0,-0.0,-0.0,-0.0,0.0,0.0,0.009866017052375152,0.0,0.0,0.0,0.0,0.0,0.07411693057247276,0.0,0.0,0.0,12.749615384615385,31.200000000000003,66.39750000000005,38.24884615384615,93.6,184.40500000000014,0.0,0.0,0.0,-0.0,-0.0,86.66999999999999,369.73884615384617,904.8,1101.8124999999995,647.6804615384615,1584.96,1921.3494999999996,1496.5311965811961,1496.5311965811961,503.44444444444537
