route,unit_count,capacity_mtpa,production_mtpa,production_share_pct,year,source,page,table,provenance,confidence,note
BF-BOF,8,34.109,62.488,41.1,FY2024-25,"MoS AR 2025-26 Annexure-IV/V (Source: JPC)",182,"Annexure-IV producer rows (SAIL+RINL+NMDC+OTHER BOF) / Annexure-V","FROZEN_EXTERNAL",HIGH,"Identifiable BOF capacity: SAIL 20.632 + RINL 7.300 + NMDC 3.000 + OTHER BOF 3.177 Mt. Excludes BOF portion of mixed producers (TSL/JSW/JSPL 65.381 Mt, route split not tabulated). Production 62.488 Mt is route-level (Annexure-V, Source: JPC)."
NG-DRI-EAF,1,9.600,7.103,,FY2024-25,"MoS AR 2025-26 Annexure-IV (Source: JPC)",182,"Annexure-IV (AM/NS row)","FROZEN_EXTERNAL",MEDIUM,"AM/NS (Essar) Hazira capacity 9.600 Mt — identifiable NG-DRI-EAF producer row. AM/NS production 7.103 Mt."
EAF-OTHER,,9.323,,,FY2024-25,"MoS AR 2025-26 Annexure-IV (Source: JPC)",182,"Annexure-IV (OTHER EAF row)","FROZEN_EXTERNAL",MEDIUM,"OTHER EAF aggregate 9.323 Mt = EAF units of 'Other Producers'. Feedstock split (coal-DRI vs scrap vs gas-DRI) NOT tabulated by JPC — spans Coal-DRI-EAF / Scrap-EAF / NG-DRI-EAF subsets; not allocated to any single route."
Coal-DRI-EAF,,,,,FY2024-25,"MoS AR 2025-26 Annexure-IV (Source: JPC)",182,"Annexure-IV (OTHER EAF row)","EXTERNAL_PENDING",NONE,"Route DEFERRED (no EAF-specific charge ratio). Capacity is a subset of EAF-OTHER 9.323 Mt; feedstock split untabulated."
Coal-DRI-IF,1032,81.920,58.080,38.2,FY2024-25,"MoS AR 2025-26 Annexure-IV/V (Source: JPC)",182,"Annexure-IV (OTHER IF row) + Annexure-V","FROZEN_EXTERNAL",HIGH,"IF route CLOSED: OTHER IF capacity 81.920 Mt (full IF fleet — no named producer operates IFs); production 58.080 Mt (38.2% share). FY23-24 OTHER IF row (68,797 kt = 68.8 Mt) matches Phase-20 frozen IF aggregate (internal consistency confirmed). 1,032 units (MoS Greening the Steel Sector Mar-2025 context)."
Scrap-EAF,,,,,FY2024-25,"MoS AR 2025-26 Annexure-IV (Source: JPC)",182,"Annexure-IV (OTHER EAF row)","EXTERNAL_PENDING",NONE,"Pure-scrap EAF capacity is a subset of EAF-OTHER 9.323 Mt; feedstock split untabulated. Scrap intensity (1.05 t/t) closed separately in Phase 20."
H2-DRI-EAF,0,0.0,0.0,,FY2024-25,"Assessment — no commercial H2-DRI plant in India as of 2024",,,"FROZEN_EXTERNAL",HIGH,"No commercial H2-DRI-EAF plant operating in India in FY2024-25."
MIXED-PRODUCERS,,65.381,54.955,,FY2024-25,"MoS AR 2025-26 Annexure-IV (Source: JPC)",182,"Annexure-IV (TSL Group + JSW Group + JSPL rows)","FROZEN_EXTERNAL",HIGH,"TSL 21.581 + JSW 34.200 + JSPL 9.600 Mt capacity; production TSL 21.677 + JSW 26.530 + JSPL 6.748 = 54.955 Mt (Annexure IV producer rows, FY2024-25). Producer-level FROZEN; internal BOF-vs-EAF route split NOT tabulated by JPC -> documented SUB-GAP (do NOT allocate by assumption)."
TOTAL,,200.333,152.180,100.0,FY2024-25,"MoS AR 2025-26 Annexure-IV/V (Source: JPC)",182,"Annexure-IV grand total / Annexure-V grand total","FROZEN_EXTERNAL",HIGH,"Reconciles EXACTLY: BOF 34.109 + NG-DRI-EAF 9.600 + EAF-OTHER 9.323 + IF 81.920 + mixed 65.381 = 200.333 Mt; production BOF 62.488 + EAF 31.612 + IF 58.080 = 152.180 Mt. State-wise tables remain gated (JPC subscription)."
