year,constraint_type,available,used,slack,pressure,binding_status
2024,demand,144.29,144.29,0.0,1.0,BINDING
2024,capacity_BF-BOF,0.0,0.0,0.0,,NON_BINDING
2024,capacity_NG-DRI-EAF,0.0,0.0,0.0,,NON_BINDING
2024,capacity_Scrap-EAF,144.29,144.29,0.0,1.0,BINDING
2024,deployment_BF-BOF,,0.0,,,UNCONSTRAINED
2024,deployment_NG-DRI-EAF,,0.0,,,UNCONSTRAINED
2024,deployment_Scrap-EAF,,0.0,,,UNCONSTRAINED
2024,scrap,,-0.0,,,UNCONSTRAINED
2024,resource_iron_ore,,-0.0,,,UNCONSTRAINED
2024,resource_scrap,,-0.0,,,UNCONSTRAINED
2024,resource_coking_coal,,0.0,,,UNCONSTRAINED
2024,resource_non_coking_coal,,0.0,,,UNCONSTRAINED
2024,resource_natural_gas,,-0.0,,,UNCONSTRAINED
2024,resource_hydrogen,,0.0,,,UNCONSTRAINED
2024,resource_electricity_route,,57.716,,,UNCONSTRAINED
2024,emissions,,7.2145,,,UNCONSTRAINED
2025,demand,162.7403846153846,162.7403846153846,0.0,1.0,BINDING
2025,capacity_BF-BOF,0.0,0.0,0.0,,NON_BINDING
2025,capacity_NG-DRI-EAF,0.0,0.0,0.0,,NON_BINDING
2025,capacity_Scrap-EAF,162.7403846153846,162.7403846153846,0.0,1.0,BINDING
2025,deployment_BF-BOF,,0.0,,,UNCONSTRAINED
2025,deployment_NG-DRI-EAF,,0.0,,,UNCONSTRAINED
2025,deployment_Scrap-EAF,,0.0,,,UNCONSTRAINED
2025,scrap,,-0.0,,,UNCONSTRAINED
2025,resource_iron_ore,,-0.0,,,UNCONSTRAINED
2025,resource_scrap,,-0.0,,,UNCONSTRAINED
2025,resource_coking_coal,,0.0,,,UNCONSTRAINED
2025,resource_non_coking_coal,,0.0,,,UNCONSTRAINED
2025,resource_natural_gas,,-0.0,,,UNCONSTRAINED
2025,resource_hydrogen,,0.0,,,UNCONSTRAINED
2025,resource_electricity_route,,65.09615384615385,,,UNCONSTRAINED
2025,emissions,,8.137019230769232,,,UNCONSTRAINED
2026,demand,181.19076923076923,181.19076923076923,0.0,1.0,BINDING
2026,capacity_BF-BOF,0.0,0.0,0.0,,NON_BINDING
2026,capacity_NG-DRI-EAF,0.0,0.0,0.0,,NON_BINDING
2026,capacity_Scrap-EAF,181.19076923076923,181.19076923076923,0.0,1.0,BINDING
2026,deployment_BF-BOF,,0.0,,,UNCONSTRAINED
2026,deployment_NG-DRI-EAF,,0.0,,,UNCONSTRAINED
2026,deployment_Scrap-EAF,,0.0,,,UNCONSTRAINED
2026,scrap,,-0.0,,,UNCONSTRAINED
2026,resource_iron_ore,,-0.0,,,UNCONSTRAINED
2026,resource_scrap,,-0.0,,,UNCONSTRAINED
2026,resource_coking_coal,,0.0,,,UNCONSTRAINED
2026,resource_non_coking_coal,,0.0,,,UNCONSTRAINED
2026,resource_natural_gas,,-0.0,,,UNCONSTRAINED
2026,resource_hydrogen,,0.0,,,UNCONSTRAINED
2026,resource_electricity_route,,72.4763076923077,,,UNCONSTRAINED
2026,emissions,,9.059538461538462,,,UNCONSTRAINED
2027,demand,199.64115384615386,199.64115384615386,0.0,1.0,BINDING
2027,capacity_BF-BOF,0.0,0.0,0.0,,NON_BINDING
2027,capacity_NG-DRI-EAF,0.0,0.0,0.0,,NON_BINDING
2027,capacity_Scrap-EAF,199.64115384615386,199.64115384615386,0.0,1.0,BINDING
2027,deployment_BF-BOF,,0.0,,,UNCONSTRAINED
2027,deployment_NG-DRI-EAF,,0.0,,,UNCONSTRAINED
2027,deployment_Scrap-EAF,,0.0,,,UNCONSTRAINED
2027,scrap,,-0.0,,,UNCONSTRAINED
2027,resource_iron_ore,,-0.0,,,UNCONSTRAINED
2027,resource_scrap,,-0.0,,,UNCONSTRAINED
2027,resource_coking_coal,,0.0,,,UNCONSTRAINED
2027,resource_non_coking_coal,,0.0,,,UNCONSTRAINED
2027,resource_natural_gas,,-0.0,,,UNCONSTRAINED
2027,resource_hydrogen,,0.0,,,UNCONSTRAINED
2027,resource_electricity_route,,79.85646153846155,,,UNCONSTRAINED
2027,emissions,,9.982057692307693,,,UNCONSTRAINED
2028,demand,218.09153846153845,218.09153846153845,0.0,1.0,BINDING
2028,capacity_BF-BOF,0.0,0.0,0.0,,NON_BINDING
2028,capacity_NG-DRI-EAF,0.0,0.0,0.0,,NON_BINDING
2028,capacity_Scrap-EAF,218.09153846153845,218.09153846153845,0.0,1.0,BINDING
2028,deployment_BF-BOF,,0.0,,,UNCONSTRAINED
2028,deployment_NG-DRI-EAF,,0.0,,,UNCONSTRAINED
2028,deployment_Scrap-EAF,,0.0,,,UNCONSTRAINED
2028,scrap,,-0.0,,,UNCONSTRAINED
2028,resource_iron_ore,,-0.0,,,UNCONSTRAINED
2028,resource_scrap,,-0.0,,,UNCONSTRAINED
2028,resource_coking_coal,,0.0,,,UNCONSTRAINED
2028,resource_non_coking_coal,,0.0,,,UNCONSTRAINED
2028,resource_natural_gas,,-0.0,,,UNCONSTRAINED
2028,resource_hydrogen,,0.0,,,UNCONSTRAINED
2028,resource_electricity_route,,87.23661538461539,,,UNCONSTRAINED
2028,emissions,,10.904576923076924,,,UNCONSTRAINED
2029,demand,236.54192307692307,236.54192307692307,0.0,1.0,BINDING
2029,capacity_BF-BOF,0.0,0.0,0.0,,NON_BINDING
2029,capacity_NG-DRI-EAF,0.0,0.0,0.0,,NON_BINDING
2029,capacity_Scrap-EAF,236.54192307692307,236.54192307692307,0.0,1.0,BINDING
2029,deployment_BF-BOF,,0.0,,,UNCONSTRAINED
2029,deployment_NG-DRI-EAF,,0.0,,,UNCONSTRAINED
2029,deployment_Scrap-EAF,,0.0,,,UNCONSTRAINED
2029,scrap,,-0.0,,,UNCONSTRAINED
2029,resource_iron_ore,,-0.0,,,UNCONSTRAINED
2029,resource_scrap,,-0.0,,,UNCONSTRAINED
2029,resource_coking_coal,,0.0,,,UNCONSTRAINED
2029,resource_non_coking_coal,,0.0,,,UNCONSTRAINED
2029,resource_natural_gas,,-0.0,,,UNCONSTRAINED
2029,resource_hydrogen,,0.0,,,UNCONSTRAINED
2029,resource_electricity_route,,94.61676923076924,,,UNCONSTRAINED
2029,emissions,,11.827096153846155,,,UNCONSTRAINED
2030,demand,254.9923076923077,254.9923076923077,0.0,1.0,BINDING
2030,capacity_BF-BOF,0.0,0.0,0.0,,NON_BINDING
2030,capacity_NG-DRI-EAF,0.0,0.0,0.0,,NON_BINDING
2030,capacity_Scrap-EAF,254.9923076923077,254.9923076923077,0.0,1.0,BINDING
2030,deployment_BF-BOF,,0.0,,,UNCONSTRAINED
2030,deployment_NG-DRI-EAF,,0.0,,,UNCONSTRAINED
2030,deployment_Scrap-EAF,,0.0,,,UNCONSTRAINED
2030,scrap,,-0.0,,,UNCONSTRAINED
2030,resource_iron_ore,,-0.0,,,UNCONSTRAINED
2030,resource_scrap,,-0.0,,,UNCONSTRAINED
2030,resource_coking_coal,,0.0,,,UNCONSTRAINED
2030,resource_non_coking_coal,,0.0,,,UNCONSTRAINED
2030,resource_natural_gas,,-0.0,,,UNCONSTRAINED
2030,resource_hydrogen,,0.0,,,UNCONSTRAINED
2030,resource_electricity_route,,101.99692307692308,,,UNCONSTRAINED
2030,emissions,,12.749615384615385,,,UNCONSTRAINED
2031,demand,273.4426923076923,273.4426923076923,0.0,1.0,BINDING
2031,capacity_BF-BOF,0.0,0.0,0.0,,NON_BINDING
2031,capacity_NG-DRI-EAF,0.0,0.0,0.0,,NON_BINDING
2031,capacity_Scrap-EAF,273.4426923076923,273.4426923076923,0.0,1.0,BINDING
2031,deployment_BF-BOF,,0.0,,,UNCONSTRAINED
2031,deployment_NG-DRI-EAF,,0.0,,,UNCONSTRAINED
2031,deployment_Scrap-EAF,,0.0,,,UNCONSTRAINED
2031,scrap,,-0.0,,,UNCONSTRAINED
2031,resource_iron_ore,,-0.0,,,UNCONSTRAINED
2031,resource_scrap,,-0.0,,,UNCONSTRAINED
2031,resource_coking_coal,,0.0,,,UNCONSTRAINED
2031,resource_non_coking_coal,,0.0,,,UNCONSTRAINED
2031,resource_natural_gas,,-0.0,,,UNCONSTRAINED
2031,resource_hydrogen,,0.0,,,UNCONSTRAINED
2031,resource_electricity_route,,109.37707692307693,,,UNCONSTRAINED
2031,emissions,,13.672134615384616,,,UNCONSTRAINED
2032,demand,291.89307692307693,291.89307692307693,0.0,1.0,BINDING
2032,capacity_BF-BOF,0.0,0.0,0.0,,NON_BINDING
2032,capacity_NG-DRI-EAF,0.0,0.0,0.0,,NON_BINDING
2032,capacity_Scrap-EAF,291.89307692307693,291.89307692307693,0.0,1.0,BINDING
2032,deployment_BF-BOF,,0.0,,,UNCONSTRAINED
2032,deployment_NG-DRI-EAF,,0.0,,,UNCONSTRAINED
2032,deployment_Scrap-EAF,,0.0,,,UNCONSTRAINED
2032,scrap,,-0.0,,,UNCONSTRAINED
2032,resource_iron_ore,,-0.0,,,UNCONSTRAINED
2032,resource_scrap,,-0.0,,,UNCONSTRAINED
2032,resource_coking_coal,,0.0,,,UNCONSTRAINED
2032,resource_non_coking_coal,,0.0,,,UNCONSTRAINED
2032,resource_natural_gas,,-0.0,,,UNCONSTRAINED
2032,resource_hydrogen,,0.0,,,UNCONSTRAINED
2032,resource_electricity_route,,116.75723076923077,,,UNCONSTRAINED
2032,emissions,,14.594653846153847,,,UNCONSTRAINED
2033,demand,310.3434615384615,310.3434615384615,0.0,1.0,BINDING
2033,capacity_BF-BOF,0.0,0.0,0.0,,NON_BINDING
2033,capacity_NG-DRI-EAF,0.0,0.0,0.0,,NON_BINDING
2033,capacity_Scrap-EAF,310.3434615384615,310.3434615384615,0.0,1.0,BINDING
2033,deployment_BF-BOF,,0.0,,,UNCONSTRAINED
2033,deployment_NG-DRI-EAF,,0.0,,,UNCONSTRAINED
2033,deployment_Scrap-EAF,,0.0,,,UNCONSTRAINED
2033,scrap,,-0.0,,,UNCONSTRAINED
2033,resource_iron_ore,,-0.0,,,UNCONSTRAINED
2033,resource_scrap,,-0.0,,,UNCONSTRAINED
2033,resource_coking_coal,,0.0,,,UNCONSTRAINED
2033,resource_non_coking_coal,,0.0,,,UNCONSTRAINED
2033,resource_natural_gas,,-0.0,,,UNCONSTRAINED
2033,resource_hydrogen,,0.0,,,UNCONSTRAINED
2033,resource_electricity_route,,124.1373846153846,,,UNCONSTRAINED
2033,emissions,,15.517173076923076,,,UNCONSTRAINED
2034,demand,328.7938461538462,328.7938461538462,0.0,1.0,BINDING
2034,capacity_BF-BOF,0.0,0.0,0.0,,NON_BINDING
2034,capacity_NG-DRI-EAF,0.0,0.0,0.0,,NON_BINDING
2034,capacity_Scrap-EAF,328.7938461538462,328.7938461538462,0.0,1.0,BINDING
2034,deployment_BF-BOF,,0.0,,,UNCONSTRAINED
2034,deployment_NG-DRI-EAF,,0.0,,,UNCONSTRAINED
2034,deployment_Scrap-EAF,,0.0,,,UNCONSTRAINED
2034,scrap,,-0.0,,,UNCONSTRAINED
2034,resource_iron_ore,,-0.0,,,UNCONSTRAINED
2034,resource_scrap,,-0.0,,,UNCONSTRAINED
2034,resource_coking_coal,,0.0,,,UNCONSTRAINED
2034,resource_non_coking_coal,,0.0,,,UNCONSTRAINED
2034,resource_natural_gas,,-0.0,,,UNCONSTRAINED
2034,resource_hydrogen,,0.0,,,UNCONSTRAINED
2034,resource_electricity_route,,131.51753846153846,,,UNCONSTRAINED
2034,emissions,,16.439692307692308,,,UNCONSTRAINED
2035,demand,347.24423076923074,347.24423076923074,0.0,1.0,BINDING
2035,capacity_BF-BOF,0.0,0.0,0.0,,NON_BINDING
2035,capacity_NG-DRI-EAF,0.0,0.0,0.0,,NON_BINDING
2035,capacity_Scrap-EAF,347.24423076923074,347.24423076923074,0.0,1.0,BINDING
2035,deployment_BF-BOF,,0.0,,,UNCONSTRAINED
2035,deployment_NG-DRI-EAF,,0.0,,,UNCONSTRAINED
2035,deployment_Scrap-EAF,,0.0,,,UNCONSTRAINED
2035,scrap,,-0.0,,,UNCONSTRAINED
2035,resource_iron_ore,,-0.0,,,UNCONSTRAINED
2035,resource_scrap,,-0.0,,,UNCONSTRAINED
2035,resource_coking_coal,,0.0,,,UNCONSTRAINED
2035,resource_non_coking_coal,,0.0,,,UNCONSTRAINED
2035,resource_natural_gas,,-0.0,,,UNCONSTRAINED
2035,resource_hydrogen,,0.0,,,UNCONSTRAINED
2035,resource_electricity_route,,138.8976923076923,,,UNCONSTRAINED
2035,emissions,,17.362211538461537,,,UNCONSTRAINED
2036,demand,365.6946153846154,365.6946153846154,0.0,1.0,BINDING
2036,capacity_BF-BOF,0.0,0.0,0.0,,NON_BINDING
2036,capacity_NG-DRI-EAF,0.0,0.0,0.0,,NON_BINDING
2036,capacity_Scrap-EAF,365.6946153846154,365.6946153846154,0.0,1.0,BINDING
2036,deployment_BF-BOF,,0.0,,,UNCONSTRAINED
2036,deployment_NG-DRI-EAF,,0.0,,,UNCONSTRAINED
2036,deployment_Scrap-EAF,,0.0,,,UNCONSTRAINED
2036,scrap,,-0.0,,,UNCONSTRAINED
2036,resource_iron_ore,,-0.0,,,UNCONSTRAINED
2036,resource_scrap,,-0.0,,,UNCONSTRAINED
2036,resource_coking_coal,,0.0,,,UNCONSTRAINED
2036,resource_non_coking_coal,,0.0,,,UNCONSTRAINED
2036,resource_natural_gas,,-0.0,,,UNCONSTRAINED
2036,resource_hydrogen,,0.0,,,UNCONSTRAINED
2036,resource_electricity_route,,146.27784615384618,,,UNCONSTRAINED
2036,emissions,,18.284730769230773,,,UNCONSTRAINED
2037,demand,384.145,384.145,0.0,1.0,BINDING
2037,capacity_BF-BOF,0.0,0.0,0.0,,NON_BINDING
2037,capacity_NG-DRI-EAF,0.0,0.0,0.0,,NON_BINDING
2037,capacity_Scrap-EAF,384.145,384.145,0.0,1.0,BINDING
2037,deployment_BF-BOF,,0.0,,,UNCONSTRAINED
2037,deployment_NG-DRI-EAF,,0.0,,,UNCONSTRAINED
2037,deployment_Scrap-EAF,,0.0,,,UNCONSTRAINED
2037,scrap,,-0.0,,,UNCONSTRAINED
2037,resource_iron_ore,,-0.0,,,UNCONSTRAINED
2037,resource_scrap,,-0.0,,,UNCONSTRAINED
2037,resource_coking_coal,,0.0,,,UNCONSTRAINED
2037,resource_non_coking_coal,,0.0,,,UNCONSTRAINED
2037,resource_natural_gas,,-0.0,,,UNCONSTRAINED
2037,resource_hydrogen,,0.0,,,UNCONSTRAINED
2037,resource_electricity_route,,153.65800000000002,,,UNCONSTRAINED
2037,emissions,,19.207250000000002,,,UNCONSTRAINED
2038,demand,402.59538461538466,402.59538461538466,0.0,1.0,BINDING
2038,capacity_BF-BOF,0.0,0.0,0.0,,NON_BINDING
2038,capacity_NG-DRI-EAF,0.0,0.0,0.0,,NON_BINDING
2038,capacity_Scrap-EAF,402.59538461538466,402.59538461538466,0.0,1.0,BINDING
2038,deployment_BF-BOF,,0.0,,,UNCONSTRAINED
2038,deployment_NG-DRI-EAF,,0.0,,,UNCONSTRAINED
2038,deployment_Scrap-EAF,,0.0,,,UNCONSTRAINED
2038,scrap,,-0.0,,,UNCONSTRAINED
2038,resource_iron_ore,,-0.0,,,UNCONSTRAINED
2038,resource_scrap,,-0.0,,,UNCONSTRAINED
2038,resource_coking_coal,,0.0,,,UNCONSTRAINED
2038,resource_non_coking_coal,,0.0,,,UNCONSTRAINED
2038,resource_natural_gas,,-0.0,,,UNCONSTRAINED
2038,resource_hydrogen,,0.0,,,UNCONSTRAINED
2038,resource_electricity_route,,161.03815384615388,,,UNCONSTRAINED
2038,emissions,,20.129769230769234,,,UNCONSTRAINED
2039,demand,421.0457692307692,421.0457692307692,0.0,1.0,BINDING
2039,capacity_BF-BOF,0.0,0.0,0.0,,NON_BINDING
2039,capacity_NG-DRI-EAF,0.0,0.0,0.0,,NON_BINDING
2039,capacity_Scrap-EAF,421.0457692307692,421.0457692307692,0.0,1.0,BINDING
2039,deployment_BF-BOF,,0.0,,,UNCONSTRAINED
2039,deployment_NG-DRI-EAF,,0.0,,,UNCONSTRAINED
2039,deployment_Scrap-EAF,,0.0,,,UNCONSTRAINED
2039,scrap,,-0.0,,,UNCONSTRAINED
2039,resource_iron_ore,,-0.0,,,UNCONSTRAINED
2039,resource_scrap,,-0.0,,,UNCONSTRAINED
2039,resource_coking_coal,,0.0,,,UNCONSTRAINED
2039,resource_non_coking_coal,,0.0,,,UNCONSTRAINED
2039,resource_natural_gas,,-0.0,,,UNCONSTRAINED
2039,resource_hydrogen,,0.0,,,UNCONSTRAINED
2039,resource_electricity_route,,168.4183076923077,,,UNCONSTRAINED
2039,emissions,,21.052288461538463,,,UNCONSTRAINED
2040,demand,439.4961538461539,439.4961538461539,0.0,1.0,BINDING
2040,capacity_BF-BOF,0.0,0.0,0.0,,NON_BINDING
2040,capacity_NG-DRI-EAF,0.0,0.0,0.0,,NON_BINDING
2040,capacity_Scrap-EAF,439.4961538461539,439.4961538461539,0.0,1.0,BINDING
2040,deployment_BF-BOF,,0.0,,,UNCONSTRAINED
2040,deployment_NG-DRI-EAF,,0.0,,,UNCONSTRAINED
2040,deployment_Scrap-EAF,,0.0,,,UNCONSTRAINED
2040,scrap,,-0.0,,,UNCONSTRAINED
2040,resource_iron_ore,,-0.0,,,UNCONSTRAINED
2040,resource_scrap,,-0.0,,,UNCONSTRAINED
2040,resource_coking_coal,,0.0,,,UNCONSTRAINED
2040,resource_non_coking_coal,,0.0,,,UNCONSTRAINED
2040,resource_natural_gas,,-0.0,,,UNCONSTRAINED
2040,resource_hydrogen,,0.0,,,UNCONSTRAINED
2040,resource_electricity_route,,175.79846153846157,,,UNCONSTRAINED
2040,emissions,,21.974807692307696,,,UNCONSTRAINED
2041,demand,457.94653846153847,457.94653846153847,0.0,1.0,BINDING
2041,capacity_BF-BOF,0.0,0.0,0.0,,NON_BINDING
2041,capacity_NG-DRI-EAF,0.0,0.0,0.0,,NON_BINDING
2041,capacity_Scrap-EAF,457.94653846153847,457.94653846153847,0.0,1.0,BINDING
2041,deployment_BF-BOF,,0.0,,,UNCONSTRAINED
2041,deployment_NG-DRI-EAF,,0.0,,,UNCONSTRAINED
2041,deployment_Scrap-EAF,,0.0,,,UNCONSTRAINED
2041,scrap,,-0.0,,,UNCONSTRAINED
2041,resource_iron_ore,,-0.0,,,UNCONSTRAINED
2041,resource_scrap,,-0.0,,,UNCONSTRAINED
2041,resource_coking_coal,,0.0,,,UNCONSTRAINED
2041,resource_non_coking_coal,,0.0,,,UNCONSTRAINED
2041,resource_natural_gas,,-0.0,,,UNCONSTRAINED
2041,resource_hydrogen,,0.0,,,UNCONSTRAINED
2041,resource_electricity_route,,183.1786153846154,,,UNCONSTRAINED
2041,emissions,,22.897326923076925,,,UNCONSTRAINED
2042,demand,476.39692307692303,476.39692307692303,0.0,1.0,BINDING
2042,capacity_BF-BOF,0.0,0.0,0.0,,NON_BINDING
2042,capacity_NG-DRI-EAF,0.0,0.0,0.0,,NON_BINDING
2042,capacity_Scrap-EAF,476.3969230769231,476.39692307692303,5.684341886080802e-14,0.9999999999999999,BINDING
2042,deployment_BF-BOF,,0.0,,,UNCONSTRAINED
2042,deployment_NG-DRI-EAF,,0.0,,,UNCONSTRAINED
2042,deployment_Scrap-EAF,,0.0,,,UNCONSTRAINED
2042,scrap,,-0.0,,,UNCONSTRAINED
2042,resource_iron_ore,,-0.0,,,UNCONSTRAINED
2042,resource_scrap,,-0.0,,,UNCONSTRAINED
2042,resource_coking_coal,,0.0,,,UNCONSTRAINED
2042,resource_non_coking_coal,,0.0,,,UNCONSTRAINED
2042,resource_natural_gas,,-0.0,,,UNCONSTRAINED
2042,resource_hydrogen,,0.0,,,UNCONSTRAINED
2042,resource_electricity_route,,190.55876923076923,,,UNCONSTRAINED
2042,emissions,,23.819846153846154,,,UNCONSTRAINED
2043,demand,494.8473076923077,494.8473076923077,0.0,1.0,BINDING
2043,capacity_BF-BOF,0.0,0.0,0.0,,NON_BINDING
2043,capacity_NG-DRI-EAF,0.0,0.0,0.0,,NON_BINDING
2043,capacity_Scrap-EAF,494.84730769230765,494.8473076923077,-5.684341886080802e-14,1.0000000000000002,BINDING
2043,deployment_BF-BOF,,0.0,,,UNCONSTRAINED
2043,deployment_NG-DRI-EAF,,0.0,,,UNCONSTRAINED
2043,deployment_Scrap-EAF,,0.0,,,UNCONSTRAINED
2043,scrap,,-0.0,,,UNCONSTRAINED
2043,resource_iron_ore,,-0.0,,,UNCONSTRAINED
2043,resource_scrap,,-0.0,,,UNCONSTRAINED
2043,resource_coking_coal,,0.0,,,UNCONSTRAINED
2043,resource_non_coking_coal,,0.0,,,UNCONSTRAINED
2043,resource_natural_gas,,-0.0,,,UNCONSTRAINED
2043,resource_hydrogen,,0.0,,,UNCONSTRAINED
2043,resource_electricity_route,,197.9389230769231,,,UNCONSTRAINED
2043,emissions,,24.742365384615386,,,UNCONSTRAINED
2044,demand,513.2976923076924,513.2976923076924,0.0,1.0,BINDING
2044,capacity_BF-BOF,0.0,0.0,0.0,,NON_BINDING
2044,capacity_NG-DRI-EAF,0.0,0.0,0.0,,NON_BINDING
2044,capacity_Scrap-EAF,513.2976923076924,513.2976923076924,0.0,1.0,BINDING
2044,deployment_BF-BOF,,0.0,,,UNCONSTRAINED
2044,deployment_NG-DRI-EAF,,0.0,,,UNCONSTRAINED
2044,deployment_Scrap-EAF,,0.0,,,UNCONSTRAINED
2044,scrap,,-0.0,,,UNCONSTRAINED
2044,resource_iron_ore,,-0.0,,,UNCONSTRAINED
2044,resource_scrap,,-0.0,,,UNCONSTRAINED
2044,resource_coking_coal,,0.0,,,UNCONSTRAINED
2044,resource_non_coking_coal,,0.0,,,UNCONSTRAINED
2044,resource_natural_gas,,-0.0,,,UNCONSTRAINED
2044,resource_hydrogen,,0.0,,,UNCONSTRAINED
2044,resource_electricity_route,,205.31907692307698,,,UNCONSTRAINED
2044,emissions,,25.664884615384622,,,UNCONSTRAINED
2045,demand,531.748076923077,531.748076923077,0.0,1.0,BINDING
2045,capacity_BF-BOF,0.0,0.0,0.0,,NON_BINDING
2045,capacity_NG-DRI-EAF,0.0,0.0,0.0,,NON_BINDING
2045,capacity_Scrap-EAF,531.748076923077,531.748076923077,0.0,1.0,BINDING
2045,deployment_BF-BOF,,0.0,,,UNCONSTRAINED
2045,deployment_NG-DRI-EAF,,0.0,,,UNCONSTRAINED
2045,deployment_Scrap-EAF,,0.0,,,UNCONSTRAINED
2045,scrap,,-0.0,,,UNCONSTRAINED
2045,resource_iron_ore,,-0.0,,,UNCONSTRAINED
2045,resource_scrap,,-0.0,,,UNCONSTRAINED
2045,resource_coking_coal,,0.0,,,UNCONSTRAINED
2045,resource_non_coking_coal,,0.0,,,UNCONSTRAINED
2045,resource_natural_gas,,-0.0,,,UNCONSTRAINED
2045,resource_hydrogen,,0.0,,,UNCONSTRAINED
2045,resource_electricity_route,,212.69923076923078,,,UNCONSTRAINED
2045,emissions,,26.587403846153848,,,UNCONSTRAINED
2046,demand,550.1984615384615,550.1984615384615,0.0,1.0,BINDING
2046,capacity_BF-BOF,0.0,0.0,0.0,,NON_BINDING
2046,capacity_NG-DRI-EAF,0.0,0.0,0.0,,NON_BINDING
2046,capacity_Scrap-EAF,550.1984615384615,550.1984615384615,0.0,1.0,BINDING
2046,deployment_BF-BOF,,0.0,,,UNCONSTRAINED
2046,deployment_NG-DRI-EAF,,0.0,,,UNCONSTRAINED
2046,deployment_Scrap-EAF,,0.0,,,UNCONSTRAINED
2046,scrap,,-0.0,,,UNCONSTRAINED
2046,resource_iron_ore,,-0.0,,,UNCONSTRAINED
2046,resource_scrap,,-0.0,,,UNCONSTRAINED
2046,resource_coking_coal,,0.0,,,UNCONSTRAINED
2046,resource_non_coking_coal,,0.0,,,UNCONSTRAINED
2046,resource_natural_gas,,-0.0,,,UNCONSTRAINED
2046,resource_hydrogen,,0.0,,,UNCONSTRAINED
2046,resource_electricity_route,,220.0793846153846,,,UNCONSTRAINED
2046,emissions,,27.509923076923076,,,UNCONSTRAINED
2047,demand,568.6488461538462,568.6488461538462,0.0,1.0,BINDING
2047,capacity_BF-BOF,0.0,0.0,0.0,,NON_BINDING
2047,capacity_NG-DRI-EAF,0.0,0.0,0.0,,NON_BINDING
2047,capacity_Scrap-EAF,568.6488461538462,568.6488461538462,0.0,1.0,BINDING
2047,deployment_BF-BOF,,0.0,,,UNCONSTRAINED
2047,deployment_NG-DRI-EAF,,0.0,,,UNCONSTRAINED
2047,deployment_Scrap-EAF,,0.0,,,UNCONSTRAINED
2047,scrap,,-0.0,,,UNCONSTRAINED
2047,resource_iron_ore,,-0.0,,,UNCONSTRAINED
2047,resource_scrap,,-0.0,,,UNCONSTRAINED
2047,resource_coking_coal,,0.0,,,UNCONSTRAINED
2047,resource_non_coking_coal,,0.0,,,UNCONSTRAINED
2047,resource_natural_gas,,-0.0,,,UNCONSTRAINED
2047,resource_hydrogen,,0.0,,,UNCONSTRAINED
2047,resource_electricity_route,,227.4595384615385,,,UNCONSTRAINED
2047,emissions,,28.432442307692313,,,UNCONSTRAINED
2048,demand,587.0992307692309,587.0992307692309,0.0,1.0,BINDING
2048,capacity_BF-BOF,0.0,0.0,0.0,,NON_BINDING
2048,capacity_NG-DRI-EAF,0.0,0.0,0.0,,NON_BINDING
2048,capacity_Scrap-EAF,587.0992307692309,587.0992307692309,0.0,1.0,BINDING
2048,deployment_BF-BOF,,0.0,,,UNCONSTRAINED
2048,deployment_NG-DRI-EAF,,0.0,,,UNCONSTRAINED
2048,deployment_Scrap-EAF,,0.0,,,UNCONSTRAINED
2048,scrap,,-0.0,,,UNCONSTRAINED
2048,resource_iron_ore,,-0.0,,,UNCONSTRAINED
2048,resource_scrap,,-0.0,,,UNCONSTRAINED
2048,resource_coking_coal,,0.0,,,UNCONSTRAINED
2048,resource_non_coking_coal,,0.0,,,UNCONSTRAINED
2048,resource_natural_gas,,-0.0,,,UNCONSTRAINED
2048,resource_hydrogen,,0.0,,,UNCONSTRAINED
2048,resource_electricity_route,,234.83969230769236,,,UNCONSTRAINED
2048,emissions,,29.354961538461545,,,UNCONSTRAINED
2049,demand,605.5496153846154,605.5496153846154,0.0,1.0,BINDING
2049,capacity_BF-BOF,0.0,0.0,0.0,,NON_BINDING
2049,capacity_NG-DRI-EAF,0.0,0.0,0.0,,NON_BINDING
2049,capacity_Scrap-EAF,605.5496153846154,605.5496153846154,0.0,1.0,BINDING
2049,deployment_BF-BOF,,0.0,,,UNCONSTRAINED
2049,deployment_NG-DRI-EAF,,0.0,,,UNCONSTRAINED
2049,deployment_Scrap-EAF,,0.0,,,UNCONSTRAINED
2049,scrap,,-0.0,,,UNCONSTRAINED
2049,resource_iron_ore,,-0.0,,,UNCONSTRAINED
2049,resource_scrap,,-0.0,,,UNCONSTRAINED
2049,resource_coking_coal,,0.0,,,UNCONSTRAINED
2049,resource_non_coking_coal,,0.0,,,UNCONSTRAINED
2049,resource_natural_gas,,-0.0,,,UNCONSTRAINED
2049,resource_hydrogen,,0.0,,,UNCONSTRAINED
2049,resource_electricity_route,,242.2198461538462,,,UNCONSTRAINED
2049,emissions,,30.277480769230774,,,UNCONSTRAINED
2050,demand,624.0,624.0,0.0,1.0,BINDING
2050,capacity_BF-BOF,0.0,0.0,0.0,,NON_BINDING
2050,capacity_NG-DRI-EAF,0.0,0.0,0.0,,NON_BINDING
2050,capacity_Scrap-EAF,624.0,624.0,0.0,1.0,BINDING
2050,deployment_BF-BOF,,0.0,,,UNCONSTRAINED
2050,deployment_NG-DRI-EAF,,0.0,,,UNCONSTRAINED
2050,deployment_Scrap-EAF,,0.0,,,UNCONSTRAINED
2050,scrap,,-0.0,,,UNCONSTRAINED
2050,resource_iron_ore,,-0.0,,,UNCONSTRAINED
2050,resource_scrap,,-0.0,,,UNCONSTRAINED
2050,resource_coking_coal,,0.0,,,UNCONSTRAINED
2050,resource_non_coking_coal,,0.0,,,UNCONSTRAINED
2050,resource_natural_gas,,-0.0,,,UNCONSTRAINED
2050,resource_hydrogen,,0.0,,,UNCONSTRAINED
2050,resource_electricity_route,,249.60000000000002,,,UNCONSTRAINED
2050,emissions,,31.200000000000003,,,UNCONSTRAINED
2051,demand,633.85,633.85,0.0,1.0,BINDING
2051,capacity_BF-BOF,0.0,0.0,0.0,,NON_BINDING
2051,capacity_NG-DRI-EAF,0.0,0.0,0.0,,NON_BINDING
2051,capacity_Scrap-EAF,633.85,633.85,0.0,1.0,BINDING
2051,deployment_BF-BOF,,0.0,,,UNCONSTRAINED
2051,deployment_NG-DRI-EAF,,0.0,,,UNCONSTRAINED
2051,deployment_Scrap-EAF,,0.0,,,UNCONSTRAINED
2051,scrap,,-0.0,,,UNCONSTRAINED
2051,resource_iron_ore,,-0.0,,,UNCONSTRAINED
2051,resource_scrap,,-0.0,,,UNCONSTRAINED
2051,resource_coking_coal,,0.0,,,UNCONSTRAINED
2051,resource_non_coking_coal,,0.0,,,UNCONSTRAINED
2051,resource_natural_gas,,-0.0,,,UNCONSTRAINED
2051,resource_hydrogen,,0.0,,,UNCONSTRAINED
2051,resource_electricity_route,,253.54000000000002,,,UNCONSTRAINED
2051,emissions,,31.692500000000003,,,UNCONSTRAINED
2052,demand,643.7,643.7,0.0,1.0,BINDING
2052,capacity_BF-BOF,0.0,0.0,0.0,,NON_BINDING
2052,capacity_NG-DRI-EAF,0.0,0.0,0.0,,NON_BINDING
2052,capacity_Scrap-EAF,643.7,643.7,0.0,1.0,BINDING
2052,deployment_BF-BOF,,0.0,,,UNCONSTRAINED
2052,deployment_NG-DRI-EAF,,0.0,,,UNCONSTRAINED
2052,deployment_Scrap-EAF,,0.0,,,UNCONSTRAINED
2052,scrap,,-0.0,,,UNCONSTRAINED
2052,resource_iron_ore,,-0.0,,,UNCONSTRAINED
2052,resource_scrap,,-0.0,,,UNCONSTRAINED
2052,resource_coking_coal,,0.0,,,UNCONSTRAINED
2052,resource_non_coking_coal,,0.0,,,UNCONSTRAINED
2052,resource_natural_gas,,-0.0,,,UNCONSTRAINED
2052,resource_hydrogen,,0.0,,,UNCONSTRAINED
2052,resource_electricity_route,,257.48,,,UNCONSTRAINED
2052,emissions,,32.185,,,UNCONSTRAINED
2053,demand,653.55,653.55,0.0,1.0,BINDING
2053,capacity_BF-BOF,0.0,0.0,0.0,,NON_BINDING
2053,capacity_NG-DRI-EAF,0.0,0.0,0.0,,NON_BINDING
2053,capacity_Scrap-EAF,653.55,653.55,0.0,1.0,BINDING
2053,deployment_BF-BOF,,0.0,,,UNCONSTRAINED
2053,deployment_NG-DRI-EAF,,0.0,,,UNCONSTRAINED
2053,deployment_Scrap-EAF,,0.0,,,UNCONSTRAINED
2053,scrap,,-0.0,,,UNCONSTRAINED
2053,resource_iron_ore,,-0.0,,,UNCONSTRAINED
2053,resource_scrap,,-0.0,,,UNCONSTRAINED
2053,resource_coking_coal,,0.0,,,UNCONSTRAINED
2053,resource_non_coking_coal,,0.0,,,UNCONSTRAINED
2053,resource_natural_gas,,-0.0,,,UNCONSTRAINED
2053,resource_hydrogen,,0.0,,,UNCONSTRAINED
2053,resource_electricity_route,,261.42,,,UNCONSTRAINED
2053,emissions,,32.6775,,,UNCONSTRAINED
2054,demand,663.4,663.4,0.0,1.0,BINDING
2054,capacity_BF-BOF,0.0,0.0,0.0,,NON_BINDING
2054,capacity_NG-DRI-EAF,0.0,0.0,0.0,,NON_BINDING
2054,capacity_Scrap-EAF,663.4,663.4,0.0,1.0,BINDING
2054,deployment_BF-BOF,,0.0,,,UNCONSTRAINED
2054,deployment_NG-DRI-EAF,,0.0,,,UNCONSTRAINED
2054,deployment_Scrap-EAF,,0.0,,,UNCONSTRAINED
2054,scrap,,-0.0,,,UNCONSTRAINED
2054,resource_iron_ore,,-0.0,,,UNCONSTRAINED
2054,resource_scrap,,-0.0,,,UNCONSTRAINED
2054,resource_coking_coal,,0.0,,,UNCONSTRAINED
2054,resource_non_coking_coal,,0.0,,,UNCONSTRAINED
2054,resource_natural_gas,,-0.0,,,UNCONSTRAINED
2054,resource_hydrogen,,0.0,,,UNCONSTRAINED
2054,resource_electricity_route,,265.36,,,UNCONSTRAINED
2054,emissions,,33.17,,,UNCONSTRAINED
2055,demand,673.25,673.25,0.0,1.0,BINDING
2055,capacity_BF-BOF,0.0,0.0,0.0,,NON_BINDING
2055,capacity_NG-DRI-EAF,0.0,0.0,0.0,,NON_BINDING
2055,capacity_Scrap-EAF,673.25,673.25,0.0,1.0,BINDING
2055,deployment_BF-BOF,,0.0,,,UNCONSTRAINED
2055,deployment_NG-DRI-EAF,,0.0,,,UNCONSTRAINED
2055,deployment_Scrap-EAF,,0.0,,,UNCONSTRAINED
2055,scrap,,-0.0,,,UNCONSTRAINED
2055,resource_iron_ore,,-0.0,,,UNCONSTRAINED
2055,resource_scrap,,-0.0,,,UNCONSTRAINED
2055,resource_coking_coal,,0.0,,,UNCONSTRAINED
2055,resource_non_coking_coal,,0.0,,,UNCONSTRAINED
2055,resource_natural_gas,,-0.0,,,UNCONSTRAINED
2055,resource_hydrogen,,0.0,,,UNCONSTRAINED
2055,resource_electricity_route,,269.3,,,UNCONSTRAINED
2055,emissions,,33.6625,,,UNCONSTRAINED
2056,demand,683.1,683.1,0.0,1.0,BINDING
2056,capacity_BF-BOF,0.0,0.0,0.0,,NON_BINDING
2056,capacity_NG-DRI-EAF,0.0,0.0,0.0,,NON_BINDING
2056,capacity_Scrap-EAF,683.1,683.1,0.0,1.0,BINDING
2056,deployment_BF-BOF,,0.0,,,UNCONSTRAINED
2056,deployment_NG-DRI-EAF,,0.0,,,UNCONSTRAINED
2056,deployment_Scrap-EAF,,0.0,,,UNCONSTRAINED
2056,scrap,,-0.0,,,UNCONSTRAINED
2056,resource_iron_ore,,-0.0,,,UNCONSTRAINED
2056,resource_scrap,,-0.0,,,UNCONSTRAINED
2056,resource_coking_coal,,0.0,,,UNCONSTRAINED
2056,resource_non_coking_coal,,0.0,,,UNCONSTRAINED
2056,resource_natural_gas,,-0.0,,,UNCONSTRAINED
2056,resource_hydrogen,,0.0,,,UNCONSTRAINED
2056,resource_electricity_route,,273.24,,,UNCONSTRAINED
2056,emissions,,34.155,,,UNCONSTRAINED
2057,demand,692.95,692.95,0.0,1.0,BINDING
2057,capacity_BF-BOF,0.0,0.0,0.0,,NON_BINDING
2057,capacity_NG-DRI-EAF,0.0,0.0,0.0,,NON_BINDING
2057,capacity_Scrap-EAF,692.95,692.95,0.0,1.0,BINDING
2057,deployment_BF-BOF,,0.0,,,UNCONSTRAINED
2057,deployment_NG-DRI-EAF,,0.0,,,UNCONSTRAINED
2057,deployment_Scrap-EAF,,0.0,,,UNCONSTRAINED
2057,scrap,,-0.0,,,UNCONSTRAINED
2057,resource_iron_ore,,-0.0,,,UNCONSTRAINED
2057,resource_scrap,,-0.0,,,UNCONSTRAINED
2057,resource_coking_coal,,0.0,,,UNCONSTRAINED
2057,resource_non_coking_coal,,0.0,,,UNCONSTRAINED
2057,resource_natural_gas,,-0.0,,,UNCONSTRAINED
2057,resource_hydrogen,,0.0,,,UNCONSTRAINED
2057,resource_electricity_route,,277.18,,,UNCONSTRAINED
2057,emissions,,34.6475,,,UNCONSTRAINED
2058,demand,702.8,702.8,0.0,1.0,BINDING
2058,capacity_BF-BOF,0.0,0.0,0.0,,NON_BINDING
2058,capacity_NG-DRI-EAF,0.0,0.0,0.0,,NON_BINDING
2058,capacity_Scrap-EAF,702.8,702.8,0.0,1.0,BINDING
2058,deployment_BF-BOF,,0.0,,,UNCONSTRAINED
2058,deployment_NG-DRI-EAF,,0.0,,,UNCONSTRAINED
2058,deployment_Scrap-EAF,,0.0,,,UNCONSTRAINED
2058,scrap,,-0.0,,,UNCONSTRAINED
2058,resource_iron_ore,,-0.0,,,UNCONSTRAINED
2058,resource_scrap,,-0.0,,,UNCONSTRAINED
2058,resource_coking_coal,,0.0,,,UNCONSTRAINED
2058,resource_non_coking_coal,,0.0,,,UNCONSTRAINED
2058,resource_natural_gas,,-0.0,,,UNCONSTRAINED
2058,resource_hydrogen,,0.0,,,UNCONSTRAINED
2058,resource_electricity_route,,281.12,,,UNCONSTRAINED
2058,emissions,,35.14,,,UNCONSTRAINED
2059,demand,712.65,712.65,0.0,1.0,BINDING
2059,capacity_BF-BOF,0.0,0.0,0.0,,NON_BINDING
2059,capacity_NG-DRI-EAF,0.0,0.0,0.0,,NON_BINDING
2059,capacity_Scrap-EAF,712.65,712.65,0.0,1.0,BINDING
2059,deployment_BF-BOF,,0.0,,,UNCONSTRAINED
2059,deployment_NG-DRI-EAF,,0.0,,,UNCONSTRAINED
2059,deployment_Scrap-EAF,,0.0,,,UNCONSTRAINED
2059,scrap,,-0.0,,,UNCONSTRAINED
2059,resource_iron_ore,,-0.0,,,UNCONSTRAINED
2059,resource_scrap,,-0.0,,,UNCONSTRAINED
2059,resource_coking_coal,,0.0,,,UNCONSTRAINED
2059,resource_non_coking_coal,,0.0,,,UNCONSTRAINED
2059,resource_natural_gas,,-0.0,,,UNCONSTRAINED
2059,resource_hydrogen,,0.0,,,UNCONSTRAINED
2059,resource_electricity_route,,285.06,,,UNCONSTRAINED
2059,emissions,,35.6325,,,UNCONSTRAINED
2060,demand,722.5,722.5,0.0,1.0,BINDING
2060,capacity_BF-BOF,0.0,0.0,0.0,,NON_BINDING
2060,capacity_NG-DRI-EAF,0.0,0.0,0.0,,NON_BINDING
2060,capacity_Scrap-EAF,722.5,722.5,0.0,1.0,BINDING
2060,deployment_BF-BOF,,0.0,,,UNCONSTRAINED
2060,deployment_NG-DRI-EAF,,0.0,,,UNCONSTRAINED
2060,deployment_Scrap-EAF,,0.0,,,UNCONSTRAINED
2060,scrap,,-0.0,,,UNCONSTRAINED
2060,resource_iron_ore,,-0.0,,,UNCONSTRAINED
2060,resource_scrap,,-0.0,,,UNCONSTRAINED
2060,resource_coking_coal,,0.0,,,UNCONSTRAINED
2060,resource_non_coking_coal,,0.0,,,UNCONSTRAINED
2060,resource_natural_gas,,-0.0,,,UNCONSTRAINED
2060,resource_hydrogen,,0.0,,,UNCONSTRAINED
2060,resource_electricity_route,,289.0,,,UNCONSTRAINED
2060,emissions,,36.125,,,UNCONSTRAINED
2061,demand,732.35,732.35,0.0,1.0,BINDING
2061,capacity_BF-BOF,0.0,0.0,0.0,,NON_BINDING
2061,capacity_NG-DRI-EAF,0.0,0.0,0.0,,NON_BINDING
2061,capacity_Scrap-EAF,732.35,732.35,0.0,1.0,BINDING
2061,deployment_BF-BOF,,0.0,,,UNCONSTRAINED
2061,deployment_NG-DRI-EAF,,0.0,,,UNCONSTRAINED
2061,deployment_Scrap-EAF,,0.0,,,UNCONSTRAINED
2061,scrap,,-0.0,,,UNCONSTRAINED
2061,resource_iron_ore,,-0.0,,,UNCONSTRAINED
2061,resource_scrap,,-0.0,,,UNCONSTRAINED
2061,resource_coking_coal,,0.0,,,UNCONSTRAINED
2061,resource_non_coking_coal,,0.0,,,UNCONSTRAINED
2061,resource_natural_gas,,-0.0,,,UNCONSTRAINED
2061,resource_hydrogen,,0.0,,,UNCONSTRAINED
2061,resource_electricity_route,,292.94,,,UNCONSTRAINED
2061,emissions,,36.6175,,,UNCONSTRAINED
2062,demand,742.2,742.2,0.0,1.0,BINDING
2062,capacity_BF-BOF,0.0,0.0,0.0,,NON_BINDING
2062,capacity_NG-DRI-EAF,0.0,0.0,0.0,,NON_BINDING
2062,capacity_Scrap-EAF,742.2,742.2,0.0,1.0,BINDING
2062,deployment_BF-BOF,,0.0,,,UNCONSTRAINED
2062,deployment_NG-DRI-EAF,,0.0,,,UNCONSTRAINED
2062,deployment_Scrap-EAF,,0.0,,,UNCONSTRAINED
2062,scrap,,-0.0,,,UNCONSTRAINED
2062,resource_iron_ore,,-0.0,,,UNCONSTRAINED
2062,resource_scrap,,-0.0,,,UNCONSTRAINED
2062,resource_coking_coal,,0.0,,,UNCONSTRAINED
2062,resource_non_coking_coal,,0.0,,,UNCONSTRAINED
2062,resource_natural_gas,,-0.0,,,UNCONSTRAINED
2062,resource_hydrogen,,0.0,,,UNCONSTRAINED
2062,resource_electricity_route,,296.88000000000005,,,UNCONSTRAINED
2062,emissions,,37.11000000000001,,,UNCONSTRAINED
2063,demand,752.05,752.05,0.0,1.0,BINDING
2063,capacity_BF-BOF,0.0,0.0,0.0,,NON_BINDING
2063,capacity_NG-DRI-EAF,0.0,0.0,0.0,,NON_BINDING
2063,capacity_Scrap-EAF,752.05,752.05,0.0,1.0,BINDING
2063,deployment_BF-BOF,,0.0,,,UNCONSTRAINED
2063,deployment_NG-DRI-EAF,,0.0,,,UNCONSTRAINED
2063,deployment_Scrap-EAF,,0.0,,,UNCONSTRAINED
2063,scrap,,-0.0,,,UNCONSTRAINED
2063,resource_iron_ore,,-0.0,,,UNCONSTRAINED
2063,resource_scrap,,-0.0,,,UNCONSTRAINED
2063,resource_coking_coal,,0.0,,,UNCONSTRAINED
2063,resource_non_coking_coal,,0.0,,,UNCONSTRAINED
2063,resource_natural_gas,,-0.0,,,UNCONSTRAINED
2063,resource_hydrogen,,0.0,,,UNCONSTRAINED
2063,resource_electricity_route,,300.82,,,UNCONSTRAINED
2063,emissions,,37.6025,,,UNCONSTRAINED
2064,demand,761.9,761.9,0.0,1.0,BINDING
2064,capacity_BF-BOF,0.0,0.0,0.0,,NON_BINDING
2064,capacity_NG-DRI-EAF,0.0,0.0,0.0,,NON_BINDING
2064,capacity_Scrap-EAF,761.9,761.9,0.0,1.0,BINDING
2064,deployment_BF-BOF,,0.0,,,UNCONSTRAINED
2064,deployment_NG-DRI-EAF,,0.0,,,UNCONSTRAINED
2064,deployment_Scrap-EAF,,0.0,,,UNCONSTRAINED
2064,scrap,,-0.0,,,UNCONSTRAINED
2064,resource_iron_ore,,-0.0,,,UNCONSTRAINED
2064,resource_scrap,,-0.0,,,UNCONSTRAINED
2064,resource_coking_coal,,0.0,,,UNCONSTRAINED
2064,resource_non_coking_coal,,0.0,,,UNCONSTRAINED
2064,resource_natural_gas,,-0.0,,,UNCONSTRAINED
2064,resource_hydrogen,,0.0,,,UNCONSTRAINED
2064,resource_electricity_route,,304.76,,,UNCONSTRAINED
2064,emissions,,38.095,,,UNCONSTRAINED
2065,demand,771.75,771.75,0.0,1.0,BINDING
2065,capacity_BF-BOF,0.0,0.0,0.0,,NON_BINDING
2065,capacity_NG-DRI-EAF,0.0,0.0,0.0,,NON_BINDING
2065,capacity_Scrap-EAF,771.75,771.75,0.0,1.0,BINDING
2065,deployment_BF-BOF,,0.0,,,UNCONSTRAINED
2065,deployment_NG-DRI-EAF,,0.0,,,UNCONSTRAINED
2065,deployment_Scrap-EAF,,0.0,,,UNCONSTRAINED
2065,scrap,,-0.0,,,UNCONSTRAINED
2065,resource_iron_ore,,-0.0,,,UNCONSTRAINED
2065,resource_scrap,,-0.0,,,UNCONSTRAINED
2065,resource_coking_coal,,0.0,,,UNCONSTRAINED
2065,resource_non_coking_coal,,0.0,,,UNCONSTRAINED
2065,resource_natural_gas,,-0.0,,,UNCONSTRAINED
2065,resource_hydrogen,,0.0,,,UNCONSTRAINED
2065,resource_electricity_route,,308.70000000000005,,,UNCONSTRAINED
2065,emissions,,38.587500000000006,,,UNCONSTRAINED
2066,demand,781.6,781.6,0.0,1.0,BINDING
2066,capacity_BF-BOF,0.0,0.0,0.0,,NON_BINDING
2066,capacity_NG-DRI-EAF,0.0,0.0,0.0,,NON_BINDING
2066,capacity_Scrap-EAF,781.6,781.6,0.0,1.0,BINDING
2066,deployment_BF-BOF,,0.0,,,UNCONSTRAINED
2066,deployment_NG-DRI-EAF,,0.0,,,UNCONSTRAINED
2066,deployment_Scrap-EAF,,0.0,,,UNCONSTRAINED
2066,scrap,,-0.0,,,UNCONSTRAINED
2066,resource_iron_ore,,-0.0,,,UNCONSTRAINED
2066,resource_scrap,,-0.0,,,UNCONSTRAINED
2066,resource_coking_coal,,0.0,,,UNCONSTRAINED
2066,resource_non_coking_coal,,0.0,,,UNCONSTRAINED
2066,resource_natural_gas,,-0.0,,,UNCONSTRAINED
2066,resource_hydrogen,,0.0,,,UNCONSTRAINED
2066,resource_electricity_route,,312.64000000000004,,,UNCONSTRAINED
2066,emissions,,39.080000000000005,,,UNCONSTRAINED
2067,demand,791.45,791.45,0.0,1.0,BINDING
2067,capacity_BF-BOF,0.0,0.0,0.0,,NON_BINDING
2067,capacity_NG-DRI-EAF,0.0,0.0,0.0,,NON_BINDING
2067,capacity_Scrap-EAF,791.45,791.45,0.0,1.0,BINDING
2067,deployment_BF-BOF,,0.0,,,UNCONSTRAINED
2067,deployment_NG-DRI-EAF,,0.0,,,UNCONSTRAINED
2067,deployment_Scrap-EAF,,0.0,,,UNCONSTRAINED
2067,scrap,,-0.0,,,UNCONSTRAINED
2067,resource_iron_ore,,-0.0,,,UNCONSTRAINED
2067,resource_scrap,,-0.0,,,UNCONSTRAINED
2067,resource_coking_coal,,0.0,,,UNCONSTRAINED
2067,resource_non_coking_coal,,0.0,,,UNCONSTRAINED
2067,resource_natural_gas,,-0.0,,,UNCONSTRAINED
2067,resource_hydrogen,,0.0,,,UNCONSTRAINED
2067,resource_electricity_route,,316.58000000000004,,,UNCONSTRAINED
2067,emissions,,39.572500000000005,,,UNCONSTRAINED
2068,demand,801.3,801.3,0.0,1.0,BINDING
2068,capacity_BF-BOF,0.0,0.0,0.0,,NON_BINDING
2068,capacity_NG-DRI-EAF,0.0,0.0,0.0,,NON_BINDING
2068,capacity_Scrap-EAF,801.3,801.3,0.0,1.0,BINDING
2068,deployment_BF-BOF,,0.0,,,UNCONSTRAINED
2068,deployment_NG-DRI-EAF,,0.0,,,UNCONSTRAINED
2068,deployment_Scrap-EAF,,0.0,,,UNCONSTRAINED
2068,scrap,,-0.0,,,UNCONSTRAINED
2068,resource_iron_ore,,-0.0,,,UNCONSTRAINED
2068,resource_scrap,,-0.0,,,UNCONSTRAINED
2068,resource_coking_coal,,0.0,,,UNCONSTRAINED
2068,resource_non_coking_coal,,0.0,,,UNCONSTRAINED
2068,resource_natural_gas,,-0.0,,,UNCONSTRAINED
2068,resource_hydrogen,,0.0,,,UNCONSTRAINED
2068,resource_electricity_route,,320.52,,,UNCONSTRAINED
2068,emissions,,40.065,,,UNCONSTRAINED
2069,demand,811.15,811.15,0.0,1.0,BINDING
2069,capacity_BF-BOF,0.0,0.0,0.0,,NON_BINDING
2069,capacity_NG-DRI-EAF,0.0,0.0,0.0,,NON_BINDING
2069,capacity_Scrap-EAF,811.15,811.15,0.0,1.0,BINDING
2069,deployment_BF-BOF,,0.0,,,UNCONSTRAINED
2069,deployment_NG-DRI-EAF,,0.0,,,UNCONSTRAINED
2069,deployment_Scrap-EAF,,0.0,,,UNCONSTRAINED
2069,scrap,,-0.0,,,UNCONSTRAINED
2069,resource_iron_ore,,-0.0,,,UNCONSTRAINED
2069,resource_scrap,,-0.0,,,UNCONSTRAINED
2069,resource_coking_coal,,0.0,,,UNCONSTRAINED
2069,resource_non_coking_coal,,0.0,,,UNCONSTRAINED
2069,resource_natural_gas,,-0.0,,,UNCONSTRAINED
2069,resource_hydrogen,,0.0,,,UNCONSTRAINED
2069,resource_electricity_route,,324.46000000000004,,,UNCONSTRAINED
2069,emissions,,40.557500000000005,,,UNCONSTRAINED
2070,demand,821.0,821.0,0.0,1.0,BINDING
2070,capacity_BF-BOF,0.0,0.0,0.0,,NON_BINDING
2070,capacity_NG-DRI-EAF,0.0,0.0,0.0,,NON_BINDING
2070,capacity_Scrap-EAF,821.0,821.0,0.0,1.0,BINDING
2070,deployment_BF-BOF,,0.0,,,UNCONSTRAINED
2070,deployment_NG-DRI-EAF,,0.0,,,UNCONSTRAINED
2070,deployment_Scrap-EAF,,0.0,,,UNCONSTRAINED
2070,scrap,,-0.0,,,UNCONSTRAINED
2070,resource_iron_ore,,-0.0,,,UNCONSTRAINED
2070,resource_scrap,,-0.0,,,UNCONSTRAINED
2070,resource_coking_coal,,0.0,,,UNCONSTRAINED
2070,resource_non_coking_coal,,0.0,,,UNCONSTRAINED
2070,resource_natural_gas,,-0.0,,,UNCONSTRAINED
2070,resource_hydrogen,,0.0,,,UNCONSTRAINED
2070,resource_electricity_route,,328.40000000000003,,,UNCONSTRAINED
2070,emissions,,41.050000000000004,,,UNCONSTRAINED
