year,technology,production,share,installed_capacity,new_capacity,retirement,capex_contribution,fom_contribution,vom_contribution,fuel_cost,resource_cost,electricity_cost,emission_cost,effective_cost,unit_effective_cost,capacity_used,capacity_available,deployment_used,deployment_available,scrap_used,scrap_available,resource_used,resource_available,learning_enabled,learning_effect,learning_provenance,provenance,data_completeness,interpretability_status
2024,BF-BOF,0.0,0.0,-0.0,0.0,0.0,-0.0,0.0,0.0,0.0,0.0,0.0,0.0,0.0,304.8611111111111,0.0,-0.0,0.0,,0.0,,{},{},False,,,PROJECT_PROPOSAL,COMPLETE,DATA_LIMITED
2025,BF-BOF,0.0,0.0,-0.0,0.0,0.0,-0.0,0.0,0.0,0.0,0.0,0.0,0.0,0.0,304.8611111111111,0.0,-0.0,0.0,,0.0,,{},{},False,,,PROJECT_PROPOSAL,COMPLETE,DATA_LIMITED
2026,BF-BOF,0.0,0.0,-0.0,0.0,0.0,-0.0,0.0,0.0,0.0,0.0,0.0,0.0,0.0,304.8611111111111,0.0,-0.0,0.0,,0.0,,{},{},False,,,PROJECT_PROPOSAL,COMPLETE,DATA_LIMITED
2027,BF-BOF,0.0,0.0,-0.0,0.0,0.0,-0.0,0.0,0.0,0.0,0.0,0.0,0.0,0.0,304.8611111111111,0.0,-0.0,0.0,,0.0,,{},{},False,,,PROJECT_PROPOSAL,COMPLETE,DATA_LIMITED
2028,BF-BOF,0.0,0.0,-0.0,0.0,0.0,-0.0,0.0,0.0,0.0,0.0,0.0,0.0,0.0,304.8611111111111,0.0,-0.0,0.0,,0.0,,{},{},False,,,PROJECT_PROPOSAL,COMPLETE,DATA_LIMITED
2029,BF-BOF,0.0,0.0,-0.0,0.0,0.0,-0.0,0.0,0.0,0.0,0.0,0.0,0.0,0.0,304.8611111111111,0.0,-0.0,0.0,,0.0,,{},{},False,,,PROJECT_PROPOSAL,COMPLETE,DATA_LIMITED
2030,BF-BOF,0.0,0.0,-0.0,0.0,0.0,-0.0,0.0,0.0,0.0,0.0,0.0,0.0,0.0,304.8611111111111,0.0,-0.0,0.0,,0.0,,{},{},False,,,PROJECT_PROPOSAL,COMPLETE,DATA_LIMITED
2031,BF-BOF,0.0,0.0,-0.0,0.0,0.0,-0.0,0.0,0.0,0.0,0.0,0.0,0.0,0.0,304.8611111111111,0.0,-0.0,0.0,,0.0,,{},{},False,,,PROJECT_PROPOSAL,COMPLETE,DATA_LIMITED
2032,BF-BOF,0.0,0.0,-0.0,0.0,0.0,-0.0,0.0,0.0,0.0,0.0,0.0,0.0,0.0,304.8611111111111,0.0,-0.0,0.0,,0.0,,{},{},False,,,PROJECT_PROPOSAL,COMPLETE,DATA_LIMITED
2033,BF-BOF,0.0,0.0,-0.0,0.0,0.0,-0.0,0.0,0.0,0.0,0.0,0.0,0.0,0.0,304.8611111111111,0.0,-0.0,0.0,,0.0,,{},{},False,,,PROJECT_PROPOSAL,COMPLETE,DATA_LIMITED
2034,BF-BOF,0.0,0.0,-0.0,0.0,0.0,-0.0,0.0,0.0,0.0,0.0,0.0,0.0,0.0,304.8611111111111,0.0,-0.0,0.0,,0.0,,{},{},False,,,PROJECT_PROPOSAL,COMPLETE,DATA_LIMITED
2035,BF-BOF,0.0,0.0,-0.0,0.0,0.0,-0.0,0.0,0.0,0.0,0.0,0.0,0.0,0.0,304.8611111111111,0.0,-0.0,0.0,,0.0,,{},{},False,,,PROJECT_PROPOSAL,COMPLETE,DATA_LIMITED
2036,BF-BOF,0.0,0.0,-0.0,0.0,0.0,-0.0,0.0,0.0,0.0,0.0,0.0,0.0,0.0,304.8611111111111,0.0,-0.0,0.0,,0.0,,{},{},False,,,PROJECT_PROPOSAL,COMPLETE,DATA_LIMITED
2037,BF-BOF,0.0,0.0,-0.0,0.0,0.0,-0.0,0.0,0.0,0.0,0.0,0.0,0.0,0.0,304.8611111111111,0.0,-0.0,0.0,,0.0,,{},{},False,,,PROJECT_PROPOSAL,COMPLETE,DATA_LIMITED
2038,BF-BOF,0.0,0.0,-0.0,0.0,0.0,-0.0,0.0,0.0,0.0,0.0,0.0,0.0,0.0,304.8611111111111,0.0,-0.0,0.0,,0.0,,{},{},False,,,PROJECT_PROPOSAL,COMPLETE,DATA_LIMITED
2039,BF-BOF,0.0,0.0,-0.0,0.0,0.0,-0.0,0.0,0.0,0.0,0.0,0.0,0.0,0.0,304.8611111111111,0.0,-0.0,0.0,,0.0,,{},{},False,,,PROJECT_PROPOSAL,COMPLETE,DATA_LIMITED
2040,BF-BOF,0.0,0.0,-0.0,0.0,0.0,-0.0,0.0,0.0,0.0,0.0,0.0,0.0,0.0,304.8611111111111,0.0,-0.0,0.0,,0.0,,{},{},False,,,PROJECT_PROPOSAL,COMPLETE,DATA_LIMITED
2041,BF-BOF,0.0,0.0,-0.0,0.0,0.0,-0.0,0.0,0.0,0.0,0.0,0.0,0.0,0.0,304.8611111111111,0.0,-0.0,0.0,,0.0,,{},{},False,,,PROJECT_PROPOSAL,COMPLETE,DATA_LIMITED
2042,BF-BOF,0.0,0.0,-0.0,0.0,0.0,-0.0,0.0,0.0,0.0,0.0,0.0,0.0,0.0,304.8611111111111,0.0,-0.0,0.0,,0.0,,{},{},False,,,PROJECT_PROPOSAL,COMPLETE,DATA_LIMITED
2043,BF-BOF,0.0,0.0,-0.0,0.0,0.0,-0.0,0.0,0.0,0.0,0.0,0.0,0.0,0.0,304.8611111111111,0.0,-0.0,0.0,,0.0,,{},{},False,,,PROJECT_PROPOSAL,COMPLETE,DATA_LIMITED
2044,BF-BOF,0.0,0.0,-0.0,0.0,0.0,-0.0,0.0,0.0,0.0,0.0,0.0,0.0,0.0,304.8611111111111,0.0,-0.0,0.0,,0.0,,{},{},False,,,PROJECT_PROPOSAL,COMPLETE,DATA_LIMITED
2045,BF-BOF,0.0,0.0,-0.0,0.0,0.0,-0.0,0.0,0.0,0.0,0.0,0.0,0.0,0.0,304.8611111111111,0.0,-0.0,0.0,,0.0,,{},{},False,,,PROJECT_PROPOSAL,COMPLETE,DATA_LIMITED
2046,BF-BOF,0.0,0.0,-0.0,0.0,0.0,-0.0,0.0,0.0,0.0,0.0,0.0,0.0,0.0,304.8611111111111,0.0,-0.0,0.0,,0.0,,{},{},False,,,PROJECT_PROPOSAL,COMPLETE,DATA_LIMITED
2047,BF-BOF,0.0,0.0,-0.0,0.0,0.0,-0.0,0.0,0.0,0.0,0.0,0.0,0.0,0.0,304.8611111111111,0.0,-0.0,0.0,,0.0,,{},{},False,,,PROJECT_PROPOSAL,COMPLETE,DATA_LIMITED
2048,BF-BOF,0.0,0.0,-0.0,0.0,0.0,-0.0,0.0,0.0,0.0,0.0,0.0,0.0,0.0,304.8611111111111,0.0,-0.0,0.0,,0.0,,{},{},False,,,PROJECT_PROPOSAL,COMPLETE,DATA_LIMITED
2049,BF-BOF,0.0,0.0,-0.0,0.0,-0.0,-0.0,0.0,0.0,0.0,0.0,0.0,0.0,0.0,304.8611111111111,0.0,-0.0,0.0,,0.0,,{},{},False,,,PROJECT_PROPOSAL,COMPLETE,DATA_LIMITED
2050,BF-BOF,0.0,0.0,-0.0,0.0,0.0,-0.0,0.0,0.0,0.0,0.0,0.0,0.0,0.0,304.8611111111111,0.0,-0.0,0.0,,0.0,,{},{},False,,,PROJECT_PROPOSAL,COMPLETE,DATA_LIMITED
2051,BF-BOF,0.0,0.0,-0.0,0.0,0.0,-0.0,0.0,0.0,0.0,0.0,0.0,0.0,0.0,304.8611111111111,0.0,-0.0,0.0,,0.0,,{},{},False,,,PROJECT_PROPOSAL,COMPLETE,DATA_LIMITED
2052,BF-BOF,0.0,0.0,-0.0,0.0,0.0,-0.0,0.0,0.0,0.0,0.0,0.0,0.0,0.0,304.8611111111111,0.0,-0.0,0.0,,0.0,,{},{},False,,,PROJECT_PROPOSAL,COMPLETE,DATA_LIMITED
2053,BF-BOF,0.0,0.0,-0.0,0.0,0.0,-0.0,0.0,0.0,0.0,0.0,0.0,0.0,0.0,304.8611111111111,0.0,-0.0,0.0,,0.0,,{},{},False,,,PROJECT_PROPOSAL,COMPLETE,DATA_LIMITED
2054,BF-BOF,0.0,0.0,-0.0,0.0,0.0,-0.0,0.0,0.0,0.0,0.0,0.0,0.0,0.0,304.8611111111111,0.0,-0.0,0.0,,0.0,,{},{},False,,,PROJECT_PROPOSAL,COMPLETE,DATA_LIMITED
2055,BF-BOF,0.0,0.0,-0.0,0.0,0.0,-0.0,0.0,0.0,0.0,0.0,0.0,0.0,0.0,304.8611111111111,0.0,-0.0,0.0,,0.0,,{},{},False,,,PROJECT_PROPOSAL,COMPLETE,DATA_LIMITED
2056,BF-BOF,0.0,0.0,-0.0,0.0,0.0,-0.0,0.0,0.0,0.0,0.0,0.0,0.0,0.0,304.8611111111111,0.0,-0.0,0.0,,0.0,,{},{},False,,,PROJECT_PROPOSAL,COMPLETE,DATA_LIMITED
2057,BF-BOF,0.0,0.0,-0.0,0.0,0.0,-0.0,0.0,0.0,0.0,0.0,0.0,0.0,0.0,304.8611111111111,0.0,-0.0,0.0,,0.0,,{},{},False,,,PROJECT_PROPOSAL,COMPLETE,DATA_LIMITED
2058,BF-BOF,0.0,0.0,-0.0,0.0,0.0,-0.0,0.0,0.0,0.0,0.0,0.0,0.0,0.0,304.8611111111111,0.0,-0.0,0.0,,0.0,,{},{},False,,,PROJECT_PROPOSAL,COMPLETE,DATA_LIMITED
2059,BF-BOF,0.0,0.0,-0.0,0.0,0.0,-0.0,0.0,0.0,0.0,0.0,0.0,0.0,0.0,304.8611111111111,0.0,-0.0,0.0,,0.0,,{},{},False,,,PROJECT_PROPOSAL,COMPLETE,DATA_LIMITED
2060,BF-BOF,0.0,0.0,-0.0,0.0,0.0,-0.0,0.0,0.0,0.0,0.0,0.0,0.0,0.0,304.8611111111111,0.0,-0.0,0.0,,0.0,,{},{},False,,,PROJECT_PROPOSAL,COMPLETE,DATA_LIMITED
2061,BF-BOF,0.0,0.0,-0.0,0.0,0.0,-0.0,0.0,0.0,0.0,0.0,0.0,0.0,0.0,304.8611111111111,0.0,-0.0,0.0,,0.0,,{},{},False,,,PROJECT_PROPOSAL,COMPLETE,DATA_LIMITED
2062,BF-BOF,0.0,0.0,-0.0,0.0,0.0,-0.0,0.0,0.0,0.0,0.0,0.0,0.0,0.0,304.8611111111111,0.0,-0.0,0.0,,0.0,,{},{},False,,,PROJECT_PROPOSAL,COMPLETE,DATA_LIMITED
2063,BF-BOF,0.0,0.0,-0.0,0.0,0.0,-0.0,0.0,0.0,0.0,0.0,0.0,0.0,0.0,304.8611111111111,0.0,-0.0,0.0,,0.0,,{},{},False,,,PROJECT_PROPOSAL,COMPLETE,DATA_LIMITED
2064,BF-BOF,0.0,0.0,-0.0,0.0,0.0,-0.0,0.0,0.0,0.0,0.0,0.0,0.0,0.0,304.8611111111111,0.0,-0.0,0.0,,0.0,,{},{},False,,,PROJECT_PROPOSAL,COMPLETE,DATA_LIMITED
2065,BF-BOF,0.0,0.0,-0.0,0.0,0.0,-0.0,0.0,0.0,0.0,0.0,0.0,0.0,0.0,304.8611111111111,0.0,-0.0,0.0,,0.0,,{},{},False,,,PROJECT_PROPOSAL,COMPLETE,DATA_LIMITED
2066,BF-BOF,0.0,0.0,-0.0,0.0,0.0,-0.0,0.0,0.0,0.0,0.0,0.0,0.0,0.0,304.8611111111111,0.0,-0.0,0.0,,0.0,,{},{},False,,,PROJECT_PROPOSAL,COMPLETE,DATA_LIMITED
2067,BF-BOF,0.0,0.0,-0.0,0.0,0.0,-0.0,0.0,0.0,0.0,0.0,0.0,0.0,0.0,304.8611111111111,0.0,-0.0,0.0,,0.0,,{},{},False,,,PROJECT_PROPOSAL,COMPLETE,DATA_LIMITED
2068,BF-BOF,0.0,0.0,-0.0,0.0,0.0,-0.0,0.0,0.0,0.0,0.0,0.0,0.0,0.0,304.8611111111111,0.0,-0.0,0.0,,0.0,,{},{},False,,,PROJECT_PROPOSAL,COMPLETE,DATA_LIMITED
2069,BF-BOF,0.0,0.0,-0.0,0.0,0.0,-0.0,0.0,0.0,0.0,0.0,0.0,0.0,0.0,304.8611111111111,0.0,-0.0,0.0,,0.0,,{},{},False,,,PROJECT_PROPOSAL,COMPLETE,DATA_LIMITED
2070,BF-BOF,0.0,0.0,-0.0,0.0,0.0,-0.0,0.0,0.0,0.0,0.0,0.0,0.0,0.0,304.8611111111111,0.0,-0.0,0.0,,0.0,,{},{},False,,,PROJECT_PROPOSAL,COMPLETE,DATA_LIMITED
2024,Coal-DRI-EAF,,,,,,,,,,,,,,,,,,,,,{},{},False,,,UNKNOWN,INCOMPLETE,NOT_BENCHMARK_READY
2025,Coal-DRI-EAF,,,,,,,,,,,,,,,,,,,,,{},{},False,,,UNKNOWN,INCOMPLETE,NOT_BENCHMARK_READY
2026,Coal-DRI-EAF,,,,,,,,,,,,,,,,,,,,,{},{},False,,,UNKNOWN,INCOMPLETE,NOT_BENCHMARK_READY
2027,Coal-DRI-EAF,,,,,,,,,,,,,,,,,,,,,{},{},False,,,UNKNOWN,INCOMPLETE,NOT_BENCHMARK_READY
2028,Coal-DRI-EAF,,,,,,,,,,,,,,,,,,,,,{},{},False,,,UNKNOWN,INCOMPLETE,NOT_BENCHMARK_READY
2029,Coal-DRI-EAF,,,,,,,,,,,,,,,,,,,,,{},{},False,,,UNKNOWN,INCOMPLETE,NOT_BENCHMARK_READY
2030,Coal-DRI-EAF,,,,,,,,,,,,,,,,,,,,,{},{},False,,,UNKNOWN,INCOMPLETE,NOT_BENCHMARK_READY
2031,Coal-DRI-EAF,,,,,,,,,,,,,,,,,,,,,{},{},False,,,UNKNOWN,INCOMPLETE,NOT_BENCHMARK_READY
2032,Coal-DRI-EAF,,,,,,,,,,,,,,,,,,,,,{},{},False,,,UNKNOWN,INCOMPLETE,NOT_BENCHMARK_READY
2033,Coal-DRI-EAF,,,,,,,,,,,,,,,,,,,,,{},{},False,,,UNKNOWN,INCOMPLETE,NOT_BENCHMARK_READY
2034,Coal-DRI-EAF,,,,,,,,,,,,,,,,,,,,,{},{},False,,,UNKNOWN,INCOMPLETE,NOT_BENCHMARK_READY
2035,Coal-DRI-EAF,,,,,,,,,,,,,,,,,,,,,{},{},False,,,UNKNOWN,INCOMPLETE,NOT_BENCHMARK_READY
2036,Coal-DRI-EAF,,,,,,,,,,,,,,,,,,,,,{},{},False,,,UNKNOWN,INCOMPLETE,NOT_BENCHMARK_READY
2037,Coal-DRI-EAF,,,,,,,,,,,,,,,,,,,,,{},{},False,,,UNKNOWN,INCOMPLETE,NOT_BENCHMARK_READY
2038,Coal-DRI-EAF,,,,,,,,,,,,,,,,,,,,,{},{},False,,,UNKNOWN,INCOMPLETE,NOT_BENCHMARK_READY
2039,Coal-DRI-EAF,,,,,,,,,,,,,,,,,,,,,{},{},False,,,UNKNOWN,INCOMPLETE,NOT_BENCHMARK_READY
2040,Coal-DRI-EAF,,,,,,,,,,,,,,,,,,,,,{},{},False,,,UNKNOWN,INCOMPLETE,NOT_BENCHMARK_READY
2041,Coal-DRI-EAF,,,,,,,,,,,,,,,,,,,,,{},{},False,,,UNKNOWN,INCOMPLETE,NOT_BENCHMARK_READY
2042,Coal-DRI-EAF,,,,,,,,,,,,,,,,,,,,,{},{},False,,,UNKNOWN,INCOMPLETE,NOT_BENCHMARK_READY
2043,Coal-DRI-EAF,,,,,,,,,,,,,,,,,,,,,{},{},False,,,UNKNOWN,INCOMPLETE,NOT_BENCHMARK_READY
2044,Coal-DRI-EAF,,,,,,,,,,,,,,,,,,,,,{},{},False,,,UNKNOWN,INCOMPLETE,NOT_BENCHMARK_READY
2045,Coal-DRI-EAF,,,,,,,,,,,,,,,,,,,,,{},{},False,,,UNKNOWN,INCOMPLETE,NOT_BENCHMARK_READY
2046,Coal-DRI-EAF,,,,,,,,,,,,,,,,,,,,,{},{},False,,,UNKNOWN,INCOMPLETE,NOT_BENCHMARK_READY
2047,Coal-DRI-EAF,,,,,,,,,,,,,,,,,,,,,{},{},False,,,UNKNOWN,INCOMPLETE,NOT_BENCHMARK_READY
2048,Coal-DRI-EAF,,,,,,,,,,,,,,,,,,,,,{},{},False,,,UNKNOWN,INCOMPLETE,NOT_BENCHMARK_READY
2049,Coal-DRI-EAF,,,,,,,,,,,,,,,,,,,,,{},{},False,,,UNKNOWN,INCOMPLETE,NOT_BENCHMARK_READY
2050,Coal-DRI-EAF,,,,,,,,,,,,,,,,,,,,,{},{},False,,,UNKNOWN,INCOMPLETE,NOT_BENCHMARK_READY
2051,Coal-DRI-EAF,,,,,,,,,,,,,,,,,,,,,{},{},False,,,UNKNOWN,INCOMPLETE,NOT_BENCHMARK_READY
2052,Coal-DRI-EAF,,,,,,,,,,,,,,,,,,,,,{},{},False,,,UNKNOWN,INCOMPLETE,NOT_BENCHMARK_READY
2053,Coal-DRI-EAF,,,,,,,,,,,,,,,,,,,,,{},{},False,,,UNKNOWN,INCOMPLETE,NOT_BENCHMARK_READY
2054,Coal-DRI-EAF,,,,,,,,,,,,,,,,,,,,,{},{},False,,,UNKNOWN,INCOMPLETE,NOT_BENCHMARK_READY
2055,Coal-DRI-EAF,,,,,,,,,,,,,,,,,,,,,{},{},False,,,UNKNOWN,INCOMPLETE,NOT_BENCHMARK_READY
2056,Coal-DRI-EAF,,,,,,,,,,,,,,,,,,,,,{},{},False,,,UNKNOWN,INCOMPLETE,NOT_BENCHMARK_READY
2057,Coal-DRI-EAF,,,,,,,,,,,,,,,,,,,,,{},{},False,,,UNKNOWN,INCOMPLETE,NOT_BENCHMARK_READY
2058,Coal-DRI-EAF,,,,,,,,,,,,,,,,,,,,,{},{},False,,,UNKNOWN,INCOMPLETE,NOT_BENCHMARK_READY
2059,Coal-DRI-EAF,,,,,,,,,,,,,,,,,,,,,{},{},False,,,UNKNOWN,INCOMPLETE,NOT_BENCHMARK_READY
2060,Coal-DRI-EAF,,,,,,,,,,,,,,,,,,,,,{},{},False,,,UNKNOWN,INCOMPLETE,NOT_BENCHMARK_READY
2061,Coal-DRI-EAF,,,,,,,,,,,,,,,,,,,,,{},{},False,,,UNKNOWN,INCOMPLETE,NOT_BENCHMARK_READY
2062,Coal-DRI-EAF,,,,,,,,,,,,,,,,,,,,,{},{},False,,,UNKNOWN,INCOMPLETE,NOT_BENCHMARK_READY
2063,Coal-DRI-EAF,,,,,,,,,,,,,,,,,,,,,{},{},False,,,UNKNOWN,INCOMPLETE,NOT_BENCHMARK_READY
2064,Coal-DRI-EAF,,,,,,,,,,,,,,,,,,,,,{},{},False,,,UNKNOWN,INCOMPLETE,NOT_BENCHMARK_READY
2065,Coal-DRI-EAF,,,,,,,,,,,,,,,,,,,,,{},{},False,,,UNKNOWN,INCOMPLETE,NOT_BENCHMARK_READY
2066,Coal-DRI-EAF,,,,,,,,,,,,,,,,,,,,,{},{},False,,,UNKNOWN,INCOMPLETE,NOT_BENCHMARK_READY
2067,Coal-DRI-EAF,,,,,,,,,,,,,,,,,,,,,{},{},False,,,UNKNOWN,INCOMPLETE,NOT_BENCHMARK_READY
2068,Coal-DRI-EAF,,,,,,,,,,,,,,,,,,,,,{},{},False,,,UNKNOWN,INCOMPLETE,NOT_BENCHMARK_READY
2069,Coal-DRI-EAF,,,,,,,,,,,,,,,,,,,,,{},{},False,,,UNKNOWN,INCOMPLETE,NOT_BENCHMARK_READY
2070,Coal-DRI-EAF,,,,,,,,,,,,,,,,,,,,,{},{},False,,,UNKNOWN,INCOMPLETE,NOT_BENCHMARK_READY
2024,Coal-DRI-IF,,,,,,,,,,,,,,,,,,,,,{},{},False,,,UNKNOWN,INCOMPLETE,NOT_BENCHMARK_READY
2025,Coal-DRI-IF,,,,,,,,,,,,,,,,,,,,,{},{},False,,,UNKNOWN,INCOMPLETE,NOT_BENCHMARK_READY
2026,Coal-DRI-IF,,,,,,,,,,,,,,,,,,,,,{},{},False,,,UNKNOWN,INCOMPLETE,NOT_BENCHMARK_READY
2027,Coal-DRI-IF,,,,,,,,,,,,,,,,,,,,,{},{},False,,,UNKNOWN,INCOMPLETE,NOT_BENCHMARK_READY
2028,Coal-DRI-IF,,,,,,,,,,,,,,,,,,,,,{},{},False,,,UNKNOWN,INCOMPLETE,NOT_BENCHMARK_READY
2029,Coal-DRI-IF,,,,,,,,,,,,,,,,,,,,,{},{},False,,,UNKNOWN,INCOMPLETE,NOT_BENCHMARK_READY
2030,Coal-DRI-IF,,,,,,,,,,,,,,,,,,,,,{},{},False,,,UNKNOWN,INCOMPLETE,NOT_BENCHMARK_READY
2031,Coal-DRI-IF,,,,,,,,,,,,,,,,,,,,,{},{},False,,,UNKNOWN,INCOMPLETE,NOT_BENCHMARK_READY
2032,Coal-DRI-IF,,,,,,,,,,,,,,,,,,,,,{},{},False,,,UNKNOWN,INCOMPLETE,NOT_BENCHMARK_READY
2033,Coal-DRI-IF,,,,,,,,,,,,,,,,,,,,,{},{},False,,,UNKNOWN,INCOMPLETE,NOT_BENCHMARK_READY
2034,Coal-DRI-IF,,,,,,,,,,,,,,,,,,,,,{},{},False,,,UNKNOWN,INCOMPLETE,NOT_BENCHMARK_READY
2035,Coal-DRI-IF,,,,,,,,,,,,,,,,,,,,,{},{},False,,,UNKNOWN,INCOMPLETE,NOT_BENCHMARK_READY
2036,Coal-DRI-IF,,,,,,,,,,,,,,,,,,,,,{},{},False,,,UNKNOWN,INCOMPLETE,NOT_BENCHMARK_READY
2037,Coal-DRI-IF,,,,,,,,,,,,,,,,,,,,,{},{},False,,,UNKNOWN,INCOMPLETE,NOT_BENCHMARK_READY
2038,Coal-DRI-IF,,,,,,,,,,,,,,,,,,,,,{},{},False,,,UNKNOWN,INCOMPLETE,NOT_BENCHMARK_READY
2039,Coal-DRI-IF,,,,,,,,,,,,,,,,,,,,,{},{},False,,,UNKNOWN,INCOMPLETE,NOT_BENCHMARK_READY
2040,Coal-DRI-IF,,,,,,,,,,,,,,,,,,,,,{},{},False,,,UNKNOWN,INCOMPLETE,NOT_BENCHMARK_READY
2041,Coal-DRI-IF,,,,,,,,,,,,,,,,,,,,,{},{},False,,,UNKNOWN,INCOMPLETE,NOT_BENCHMARK_READY
2042,Coal-DRI-IF,,,,,,,,,,,,,,,,,,,,,{},{},False,,,UNKNOWN,INCOMPLETE,NOT_BENCHMARK_READY
2043,Coal-DRI-IF,,,,,,,,,,,,,,,,,,,,,{},{},False,,,UNKNOWN,INCOMPLETE,NOT_BENCHMARK_READY
2044,Coal-DRI-IF,,,,,,,,,,,,,,,,,,,,,{},{},False,,,UNKNOWN,INCOMPLETE,NOT_BENCHMARK_READY
2045,Coal-DRI-IF,,,,,,,,,,,,,,,,,,,,,{},{},False,,,UNKNOWN,INCOMPLETE,NOT_BENCHMARK_READY
2046,Coal-DRI-IF,,,,,,,,,,,,,,,,,,,,,{},{},False,,,UNKNOWN,INCOMPLETE,NOT_BENCHMARK_READY
2047,Coal-DRI-IF,,,,,,,,,,,,,,,,,,,,,{},{},False,,,UNKNOWN,INCOMPLETE,NOT_BENCHMARK_READY
2048,Coal-DRI-IF,,,,,,,,,,,,,,,,,,,,,{},{},False,,,UNKNOWN,INCOMPLETE,NOT_BENCHMARK_READY
2049,Coal-DRI-IF,,,,,,,,,,,,,,,,,,,,,{},{},False,,,UNKNOWN,INCOMPLETE,NOT_BENCHMARK_READY
2050,Coal-DRI-IF,,,,,,,,,,,,,,,,,,,,,{},{},False,,,UNKNOWN,INCOMPLETE,NOT_BENCHMARK_READY
2051,Coal-DRI-IF,,,,,,,,,,,,,,,,,,,,,{},{},False,,,UNKNOWN,INCOMPLETE,NOT_BENCHMARK_READY
2052,Coal-DRI-IF,,,,,,,,,,,,,,,,,,,,,{},{},False,,,UNKNOWN,INCOMPLETE,NOT_BENCHMARK_READY
2053,Coal-DRI-IF,,,,,,,,,,,,,,,,,,,,,{},{},False,,,UNKNOWN,INCOMPLETE,NOT_BENCHMARK_READY
2054,Coal-DRI-IF,,,,,,,,,,,,,,,,,,,,,{},{},False,,,UNKNOWN,INCOMPLETE,NOT_BENCHMARK_READY
2055,Coal-DRI-IF,,,,,,,,,,,,,,,,,,,,,{},{},False,,,UNKNOWN,INCOMPLETE,NOT_BENCHMARK_READY
2056,Coal-DRI-IF,,,,,,,,,,,,,,,,,,,,,{},{},False,,,UNKNOWN,INCOMPLETE,NOT_BENCHMARK_READY
2057,Coal-DRI-IF,,,,,,,,,,,,,,,,,,,,,{},{},False,,,UNKNOWN,INCOMPLETE,NOT_BENCHMARK_READY
2058,Coal-DRI-IF,,,,,,,,,,,,,,,,,,,,,{},{},False,,,UNKNOWN,INCOMPLETE,NOT_BENCHMARK_READY
2059,Coal-DRI-IF,,,,,,,,,,,,,,,,,,,,,{},{},False,,,UNKNOWN,INCOMPLETE,NOT_BENCHMARK_READY
2060,Coal-DRI-IF,,,,,,,,,,,,,,,,,,,,,{},{},False,,,UNKNOWN,INCOMPLETE,NOT_BENCHMARK_READY
2061,Coal-DRI-IF,,,,,,,,,,,,,,,,,,,,,{},{},False,,,UNKNOWN,INCOMPLETE,NOT_BENCHMARK_READY
2062,Coal-DRI-IF,,,,,,,,,,,,,,,,,,,,,{},{},False,,,UNKNOWN,INCOMPLETE,NOT_BENCHMARK_READY
2063,Coal-DRI-IF,,,,,,,,,,,,,,,,,,,,,{},{},False,,,UNKNOWN,INCOMPLETE,NOT_BENCHMARK_READY
2064,Coal-DRI-IF,,,,,,,,,,,,,,,,,,,,,{},{},False,,,UNKNOWN,INCOMPLETE,NOT_BENCHMARK_READY
2065,Coal-DRI-IF,,,,,,,,,,,,,,,,,,,,,{},{},False,,,UNKNOWN,INCOMPLETE,NOT_BENCHMARK_READY
2066,Coal-DRI-IF,,,,,,,,,,,,,,,,,,,,,{},{},False,,,UNKNOWN,INCOMPLETE,NOT_BENCHMARK_READY
2067,Coal-DRI-IF,,,,,,,,,,,,,,,,,,,,,{},{},False,,,UNKNOWN,INCOMPLETE,NOT_BENCHMARK_READY
2068,Coal-DRI-IF,,,,,,,,,,,,,,,,,,,,,{},{},False,,,UNKNOWN,INCOMPLETE,NOT_BENCHMARK_READY
2069,Coal-DRI-IF,,,,,,,,,,,,,,,,,,,,,{},{},False,,,UNKNOWN,INCOMPLETE,NOT_BENCHMARK_READY
2070,Coal-DRI-IF,,,,,,,,,,,,,,,,,,,,,{},{},False,,,UNKNOWN,INCOMPLETE,NOT_BENCHMARK_READY
2024,NG-DRI-EAF,0.0,0.0,-0.0,0.0,0.0,-0.0,0.0,0.0,0.0,0.0,0.0,0.0,0.0,440.1586361242759,0.0,-0.0,0.0,,0.0,,{},{},False,,,PROJECT_PROPOSAL,COMPLETE,DATA_LIMITED
2025,NG-DRI-EAF,0.0,0.0,-0.0,0.0,0.0,-0.0,0.0,0.0,0.0,0.0,0.0,0.0,0.0,440.1586361242759,0.0,-0.0,0.0,,0.0,,{},{},False,,,PROJECT_PROPOSAL,COMPLETE,DATA_LIMITED
2026,NG-DRI-EAF,0.0,0.0,-0.0,0.0,0.0,-0.0,0.0,0.0,0.0,0.0,0.0,0.0,0.0,440.1586361242759,0.0,-0.0,0.0,,0.0,,{},{},False,,,PROJECT_PROPOSAL,COMPLETE,DATA_LIMITED
2027,NG-DRI-EAF,0.0,0.0,-0.0,0.0,0.0,-0.0,0.0,0.0,0.0,0.0,0.0,0.0,0.0,440.1586361242759,0.0,-0.0,0.0,,0.0,,{},{},False,,,PROJECT_PROPOSAL,COMPLETE,DATA_LIMITED
2028,NG-DRI-EAF,0.0,0.0,-0.0,0.0,0.0,-0.0,0.0,0.0,0.0,0.0,0.0,0.0,0.0,440.1586361242759,0.0,-0.0,0.0,,0.0,,{},{},False,,,PROJECT_PROPOSAL,COMPLETE,DATA_LIMITED
2029,NG-DRI-EAF,0.0,0.0,-0.0,0.0,0.0,-0.0,0.0,0.0,0.0,0.0,0.0,0.0,0.0,440.1586361242759,0.0,-0.0,0.0,,0.0,,{},{},False,,,PROJECT_PROPOSAL,COMPLETE,DATA_LIMITED
2030,NG-DRI-EAF,0.0,0.0,-0.0,0.0,0.0,-0.0,0.0,0.0,0.0,0.0,0.0,0.0,0.0,440.1586361242759,0.0,-0.0,0.0,,0.0,,{},{},False,,,PROJECT_PROPOSAL,COMPLETE,DATA_LIMITED
2031,NG-DRI-EAF,0.0,0.0,-0.0,0.0,0.0,-0.0,0.0,0.0,0.0,0.0,0.0,0.0,0.0,440.1586361242759,0.0,-0.0,0.0,,0.0,,{},{},False,,,PROJECT_PROPOSAL,COMPLETE,DATA_LIMITED
2032,NG-DRI-EAF,0.0,0.0,-0.0,0.0,0.0,-0.0,0.0,0.0,0.0,0.0,0.0,0.0,0.0,440.1586361242759,0.0,-0.0,0.0,,0.0,,{},{},False,,,PROJECT_PROPOSAL,COMPLETE,DATA_LIMITED
2033,NG-DRI-EAF,0.0,0.0,-0.0,0.0,0.0,-0.0,0.0,0.0,0.0,0.0,0.0,0.0,0.0,440.1586361242759,0.0,-0.0,0.0,,0.0,,{},{},False,,,PROJECT_PROPOSAL,COMPLETE,DATA_LIMITED
2034,NG-DRI-EAF,0.0,0.0,-0.0,0.0,0.0,-0.0,0.0,0.0,0.0,0.0,0.0,0.0,0.0,440.1586361242759,0.0,-0.0,0.0,,0.0,,{},{},False,,,PROJECT_PROPOSAL,COMPLETE,DATA_LIMITED
2035,NG-DRI-EAF,0.0,0.0,-0.0,0.0,0.0,-0.0,0.0,0.0,0.0,0.0,0.0,0.0,0.0,440.1586361242759,0.0,-0.0,0.0,,0.0,,{},{},False,,,PROJECT_PROPOSAL,COMPLETE,DATA_LIMITED
2036,NG-DRI-EAF,0.0,0.0,-0.0,0.0,0.0,-0.0,0.0,0.0,0.0,0.0,0.0,0.0,0.0,440.1586361242759,0.0,-0.0,0.0,,0.0,,{},{},False,,,PROJECT_PROPOSAL,COMPLETE,DATA_LIMITED
2037,NG-DRI-EAF,0.0,0.0,-0.0,0.0,0.0,-0.0,0.0,0.0,0.0,0.0,0.0,0.0,0.0,440.1586361242759,0.0,-0.0,0.0,,0.0,,{},{},False,,,PROJECT_PROPOSAL,COMPLETE,DATA_LIMITED
2038,NG-DRI-EAF,0.0,0.0,-0.0,0.0,0.0,-0.0,0.0,0.0,0.0,0.0,0.0,0.0,0.0,440.1586361242759,0.0,-0.0,0.0,,0.0,,{},{},False,,,PROJECT_PROPOSAL,COMPLETE,DATA_LIMITED
2039,NG-DRI-EAF,0.0,0.0,-0.0,0.0,0.0,-0.0,0.0,0.0,0.0,0.0,0.0,0.0,0.0,440.1586361242759,0.0,-0.0,0.0,,0.0,,{},{},False,,,PROJECT_PROPOSAL,COMPLETE,DATA_LIMITED
2040,NG-DRI-EAF,0.0,0.0,-0.0,0.0,0.0,-0.0,0.0,0.0,0.0,0.0,0.0,0.0,0.0,440.1586361242759,0.0,-0.0,0.0,,0.0,,{},{},False,,,PROJECT_PROPOSAL,COMPLETE,DATA_LIMITED
2041,NG-DRI-EAF,0.0,0.0,-0.0,0.0,0.0,-0.0,0.0,0.0,0.0,0.0,0.0,0.0,0.0,440.1586361242759,0.0,-0.0,0.0,,0.0,,{},{},False,,,PROJECT_PROPOSAL,COMPLETE,DATA_LIMITED
2042,NG-DRI-EAF,0.0,0.0,-0.0,0.0,0.0,-0.0,0.0,0.0,0.0,0.0,0.0,0.0,0.0,440.1586361242759,0.0,-0.0,0.0,,0.0,,{},{},False,,,PROJECT_PROPOSAL,COMPLETE,DATA_LIMITED
2043,NG-DRI-EAF,0.0,0.0,-0.0,0.0,0.0,-0.0,0.0,0.0,0.0,0.0,0.0,0.0,0.0,440.1586361242759,0.0,-0.0,0.0,,0.0,,{},{},False,,,PROJECT_PROPOSAL,COMPLETE,DATA_LIMITED
2044,NG-DRI-EAF,0.0,0.0,-0.0,0.0,0.0,-0.0,0.0,0.0,0.0,0.0,0.0,0.0,0.0,440.1586361242759,0.0,-0.0,0.0,,0.0,,{},{},False,,,PROJECT_PROPOSAL,COMPLETE,DATA_LIMITED
2045,NG-DRI-EAF,0.0,0.0,-0.0,0.0,0.0,-0.0,0.0,0.0,0.0,0.0,0.0,0.0,0.0,440.1586361242759,0.0,-0.0,0.0,,0.0,,{},{},False,,,PROJECT_PROPOSAL,COMPLETE,DATA_LIMITED
2046,NG-DRI-EAF,0.0,0.0,-0.0,0.0,0.0,-0.0,0.0,0.0,0.0,0.0,0.0,0.0,0.0,440.1586361242759,0.0,-0.0,0.0,,0.0,,{},{},False,,,PROJECT_PROPOSAL,COMPLETE,DATA_LIMITED
2047,NG-DRI-EAF,0.0,0.0,-0.0,0.0,0.0,-0.0,0.0,0.0,0.0,0.0,0.0,0.0,0.0,440.1586361242759,0.0,-0.0,0.0,,0.0,,{},{},False,,,PROJECT_PROPOSAL,COMPLETE,DATA_LIMITED
2048,NG-DRI-EAF,0.0,0.0,-0.0,0.0,0.0,-0.0,0.0,0.0,0.0,0.0,0.0,0.0,0.0,440.1586361242759,0.0,-0.0,0.0,,0.0,,{},{},False,,,PROJECT_PROPOSAL,COMPLETE,DATA_LIMITED
2049,NG-DRI-EAF,0.0,0.0,-0.0,0.0,-0.0,-0.0,0.0,0.0,0.0,0.0,0.0,0.0,0.0,440.1586361242759,0.0,-0.0,0.0,,0.0,,{},{},False,,,PROJECT_PROPOSAL,COMPLETE,DATA_LIMITED
2050,NG-DRI-EAF,0.0,0.0,-0.0,0.0,0.0,-0.0,0.0,0.0,0.0,0.0,0.0,0.0,0.0,440.1586361242759,0.0,-0.0,0.0,,0.0,,{},{},False,,,PROJECT_PROPOSAL,COMPLETE,DATA_LIMITED
2051,NG-DRI-EAF,0.0,0.0,-0.0,0.0,0.0,-0.0,0.0,0.0,0.0,0.0,0.0,0.0,0.0,440.1586361242759,0.0,-0.0,0.0,,0.0,,{},{},False,,,PROJECT_PROPOSAL,COMPLETE,DATA_LIMITED
2052,NG-DRI-EAF,0.0,0.0,-0.0,0.0,0.0,-0.0,0.0,0.0,0.0,0.0,0.0,0.0,0.0,440.1586361242759,0.0,-0.0,0.0,,0.0,,{},{},False,,,PROJECT_PROPOSAL,COMPLETE,DATA_LIMITED
2053,NG-DRI-EAF,0.0,0.0,-0.0,0.0,0.0,-0.0,0.0,0.0,0.0,0.0,0.0,0.0,0.0,440.1586361242759,0.0,-0.0,0.0,,0.0,,{},{},False,,,PROJECT_PROPOSAL,COMPLETE,DATA_LIMITED
2054,NG-DRI-EAF,0.0,0.0,-0.0,0.0,0.0,-0.0,0.0,0.0,0.0,0.0,0.0,0.0,0.0,440.1586361242759,0.0,-0.0,0.0,,0.0,,{},{},False,,,PROJECT_PROPOSAL,COMPLETE,DATA_LIMITED
2055,NG-DRI-EAF,0.0,0.0,-0.0,0.0,0.0,-0.0,0.0,0.0,0.0,0.0,0.0,0.0,0.0,440.1586361242759,0.0,-0.0,0.0,,0.0,,{},{},False,,,PROJECT_PROPOSAL,COMPLETE,DATA_LIMITED
2056,NG-DRI-EAF,0.0,0.0,-0.0,0.0,0.0,-0.0,0.0,0.0,0.0,0.0,0.0,0.0,0.0,440.1586361242759,0.0,-0.0,0.0,,0.0,,{},{},False,,,PROJECT_PROPOSAL,COMPLETE,DATA_LIMITED
2057,NG-DRI-EAF,0.0,0.0,-0.0,0.0,0.0,-0.0,0.0,0.0,0.0,0.0,0.0,0.0,0.0,440.1586361242759,0.0,-0.0,0.0,,0.0,,{},{},False,,,PROJECT_PROPOSAL,COMPLETE,DATA_LIMITED
2058,NG-DRI-EAF,0.0,0.0,-0.0,0.0,0.0,-0.0,0.0,0.0,0.0,0.0,0.0,0.0,0.0,440.1586361242759,0.0,-0.0,0.0,,0.0,,{},{},False,,,PROJECT_PROPOSAL,COMPLETE,DATA_LIMITED
2059,NG-DRI-EAF,0.0,0.0,-0.0,0.0,0.0,-0.0,0.0,0.0,0.0,0.0,0.0,0.0,0.0,440.1586361242759,0.0,-0.0,0.0,,0.0,,{},{},False,,,PROJECT_PROPOSAL,COMPLETE,DATA_LIMITED
2060,NG-DRI-EAF,0.0,0.0,-0.0,0.0,0.0,-0.0,0.0,0.0,0.0,0.0,0.0,0.0,0.0,440.1586361242759,0.0,-0.0,0.0,,0.0,,{},{},False,,,PROJECT_PROPOSAL,COMPLETE,DATA_LIMITED
2061,NG-DRI-EAF,0.0,0.0,-0.0,0.0,0.0,-0.0,0.0,0.0,0.0,0.0,0.0,0.0,0.0,440.1586361242759,0.0,-0.0,0.0,,0.0,,{},{},False,,,PROJECT_PROPOSAL,COMPLETE,DATA_LIMITED
2062,NG-DRI-EAF,0.0,0.0,-0.0,0.0,0.0,-0.0,0.0,0.0,0.0,0.0,0.0,0.0,0.0,440.1586361242759,0.0,-0.0,0.0,,0.0,,{},{},False,,,PROJECT_PROPOSAL,COMPLETE,DATA_LIMITED
2063,NG-DRI-EAF,0.0,0.0,-0.0,0.0,0.0,-0.0,0.0,0.0,0.0,0.0,0.0,0.0,0.0,440.1586361242759,0.0,-0.0,0.0,,0.0,,{},{},False,,,PROJECT_PROPOSAL,COMPLETE,DATA_LIMITED
2064,NG-DRI-EAF,0.0,0.0,-0.0,0.0,0.0,-0.0,0.0,0.0,0.0,0.0,0.0,0.0,0.0,440.1586361242759,0.0,-0.0,0.0,,0.0,,{},{},False,,,PROJECT_PROPOSAL,COMPLETE,DATA_LIMITED
2065,NG-DRI-EAF,0.0,0.0,-0.0,0.0,0.0,-0.0,0.0,0.0,0.0,0.0,0.0,0.0,0.0,440.1586361242759,0.0,-0.0,0.0,,0.0,,{},{},False,,,PROJECT_PROPOSAL,COMPLETE,DATA_LIMITED
2066,NG-DRI-EAF,0.0,0.0,-0.0,0.0,0.0,-0.0,0.0,0.0,0.0,0.0,0.0,0.0,0.0,440.1586361242759,0.0,-0.0,0.0,,0.0,,{},{},False,,,PROJECT_PROPOSAL,COMPLETE,DATA_LIMITED
2067,NG-DRI-EAF,0.0,0.0,-0.0,0.0,0.0,-0.0,0.0,0.0,0.0,0.0,0.0,0.0,0.0,440.1586361242759,0.0,-0.0,0.0,,0.0,,{},{},False,,,PROJECT_PROPOSAL,COMPLETE,DATA_LIMITED
2068,NG-DRI-EAF,0.0,0.0,-0.0,0.0,0.0,-0.0,0.0,0.0,0.0,0.0,0.0,0.0,0.0,440.1586361242759,0.0,-0.0,0.0,,0.0,,{},{},False,,,PROJECT_PROPOSAL,COMPLETE,DATA_LIMITED
2069,NG-DRI-EAF,0.0,0.0,-0.0,0.0,0.0,-0.0,0.0,0.0,0.0,0.0,0.0,0.0,0.0,440.1586361242759,0.0,-0.0,0.0,,0.0,,{},{},False,,,PROJECT_PROPOSAL,COMPLETE,DATA_LIMITED
2070,NG-DRI-EAF,0.0,0.0,-0.0,0.0,0.0,-0.0,0.0,0.0,0.0,0.0,0.0,0.0,0.0,440.1586361242759,0.0,-0.0,0.0,,0.0,,{},{},False,,,PROJECT_PROPOSAL,COMPLETE,DATA_LIMITED
2024,H2-DRI-EAF,,,,,,,,,,,,,,,,,,,,,{},{},False,,,UNKNOWN,INCOMPLETE,NOT_BENCHMARK_READY
2025,H2-DRI-EAF,,,,,,,,,,,,,,,,,,,,,{},{},False,,,UNKNOWN,INCOMPLETE,NOT_BENCHMARK_READY
2026,H2-DRI-EAF,,,,,,,,,,,,,,,,,,,,,{},{},False,,,UNKNOWN,INCOMPLETE,NOT_BENCHMARK_READY
2027,H2-DRI-EAF,,,,,,,,,,,,,,,,,,,,,{},{},False,,,UNKNOWN,INCOMPLETE,NOT_BENCHMARK_READY
2028,H2-DRI-EAF,,,,,,,,,,,,,,,,,,,,,{},{},False,,,UNKNOWN,INCOMPLETE,NOT_BENCHMARK_READY
2029,H2-DRI-EAF,,,,,,,,,,,,,,,,,,,,,{},{},False,,,UNKNOWN,INCOMPLETE,NOT_BENCHMARK_READY
2030,H2-DRI-EAF,,,,,,,,,,,,,,,,,,,,,{},{},False,,,UNKNOWN,INCOMPLETE,NOT_BENCHMARK_READY
2031,H2-DRI-EAF,,,,,,,,,,,,,,,,,,,,,{},{},False,,,UNKNOWN,INCOMPLETE,NOT_BENCHMARK_READY
2032,H2-DRI-EAF,,,,,,,,,,,,,,,,,,,,,{},{},False,,,UNKNOWN,INCOMPLETE,NOT_BENCHMARK_READY
2033,H2-DRI-EAF,,,,,,,,,,,,,,,,,,,,,{},{},False,,,UNKNOWN,INCOMPLETE,NOT_BENCHMARK_READY
2034,H2-DRI-EAF,,,,,,,,,,,,,,,,,,,,,{},{},False,,,UNKNOWN,INCOMPLETE,NOT_BENCHMARK_READY
2035,H2-DRI-EAF,,,,,,,,,,,,,,,,,,,,,{},{},False,,,UNKNOWN,INCOMPLETE,NOT_BENCHMARK_READY
2036,H2-DRI-EAF,,,,,,,,,,,,,,,,,,,,,{},{},False,,,UNKNOWN,INCOMPLETE,NOT_BENCHMARK_READY
2037,H2-DRI-EAF,,,,,,,,,,,,,,,,,,,,,{},{},False,,,UNKNOWN,INCOMPLETE,NOT_BENCHMARK_READY
2038,H2-DRI-EAF,,,,,,,,,,,,,,,,,,,,,{},{},False,,,UNKNOWN,INCOMPLETE,NOT_BENCHMARK_READY
2039,H2-DRI-EAF,,,,,,,,,,,,,,,,,,,,,{},{},False,,,UNKNOWN,INCOMPLETE,NOT_BENCHMARK_READY
2040,H2-DRI-EAF,,,,,,,,,,,,,,,,,,,,,{},{},False,,,UNKNOWN,INCOMPLETE,NOT_BENCHMARK_READY
2041,H2-DRI-EAF,,,,,,,,,,,,,,,,,,,,,{},{},False,,,UNKNOWN,INCOMPLETE,NOT_BENCHMARK_READY
2042,H2-DRI-EAF,,,,,,,,,,,,,,,,,,,,,{},{},False,,,UNKNOWN,INCOMPLETE,NOT_BENCHMARK_READY
2043,H2-DRI-EAF,,,,,,,,,,,,,,,,,,,,,{},{},False,,,UNKNOWN,INCOMPLETE,NOT_BENCHMARK_READY
2044,H2-DRI-EAF,,,,,,,,,,,,,,,,,,,,,{},{},False,,,UNKNOWN,INCOMPLETE,NOT_BENCHMARK_READY
2045,H2-DRI-EAF,,,,,,,,,,,,,,,,,,,,,{},{},False,,,UNKNOWN,INCOMPLETE,NOT_BENCHMARK_READY
2046,H2-DRI-EAF,,,,,,,,,,,,,,,,,,,,,{},{},False,,,UNKNOWN,INCOMPLETE,NOT_BENCHMARK_READY
2047,H2-DRI-EAF,,,,,,,,,,,,,,,,,,,,,{},{},False,,,UNKNOWN,INCOMPLETE,NOT_BENCHMARK_READY
2048,H2-DRI-EAF,,,,,,,,,,,,,,,,,,,,,{},{},False,,,UNKNOWN,INCOMPLETE,NOT_BENCHMARK_READY
2049,H2-DRI-EAF,,,,,,,,,,,,,,,,,,,,,{},{},False,,,UNKNOWN,INCOMPLETE,NOT_BENCHMARK_READY
2050,H2-DRI-EAF,,,,,,,,,,,,,,,,,,,,,{},{},False,,,UNKNOWN,INCOMPLETE,NOT_BENCHMARK_READY
2051,H2-DRI-EAF,,,,,,,,,,,,,,,,,,,,,{},{},False,,,UNKNOWN,INCOMPLETE,NOT_BENCHMARK_READY
2052,H2-DRI-EAF,,,,,,,,,,,,,,,,,,,,,{},{},False,,,UNKNOWN,INCOMPLETE,NOT_BENCHMARK_READY
2053,H2-DRI-EAF,,,,,,,,,,,,,,,,,,,,,{},{},False,,,UNKNOWN,INCOMPLETE,NOT_BENCHMARK_READY
2054,H2-DRI-EAF,,,,,,,,,,,,,,,,,,,,,{},{},False,,,UNKNOWN,INCOMPLETE,NOT_BENCHMARK_READY
2055,H2-DRI-EAF,,,,,,,,,,,,,,,,,,,,,{},{},False,,,UNKNOWN,INCOMPLETE,NOT_BENCHMARK_READY
2056,H2-DRI-EAF,,,,,,,,,,,,,,,,,,,,,{},{},False,,,UNKNOWN,INCOMPLETE,NOT_BENCHMARK_READY
2057,H2-DRI-EAF,,,,,,,,,,,,,,,,,,,,,{},{},False,,,UNKNOWN,INCOMPLETE,NOT_BENCHMARK_READY
2058,H2-DRI-EAF,,,,,,,,,,,,,,,,,,,,,{},{},False,,,UNKNOWN,INCOMPLETE,NOT_BENCHMARK_READY
2059,H2-DRI-EAF,,,,,,,,,,,,,,,,,,,,,{},{},False,,,UNKNOWN,INCOMPLETE,NOT_BENCHMARK_READY
2060,H2-DRI-EAF,,,,,,,,,,,,,,,,,,,,,{},{},False,,,UNKNOWN,INCOMPLETE,NOT_BENCHMARK_READY
2061,H2-DRI-EAF,,,,,,,,,,,,,,,,,,,,,{},{},False,,,UNKNOWN,INCOMPLETE,NOT_BENCHMARK_READY
2062,H2-DRI-EAF,,,,,,,,,,,,,,,,,,,,,{},{},False,,,UNKNOWN,INCOMPLETE,NOT_BENCHMARK_READY
2063,H2-DRI-EAF,,,,,,,,,,,,,,,,,,,,,{},{},False,,,UNKNOWN,INCOMPLETE,NOT_BENCHMARK_READY
2064,H2-DRI-EAF,,,,,,,,,,,,,,,,,,,,,{},{},False,,,UNKNOWN,INCOMPLETE,NOT_BENCHMARK_READY
2065,H2-DRI-EAF,,,,,,,,,,,,,,,,,,,,,{},{},False,,,UNKNOWN,INCOMPLETE,NOT_BENCHMARK_READY
2066,H2-DRI-EAF,,,,,,,,,,,,,,,,,,,,,{},{},False,,,UNKNOWN,INCOMPLETE,NOT_BENCHMARK_READY
2067,H2-DRI-EAF,,,,,,,,,,,,,,,,,,,,,{},{},False,,,UNKNOWN,INCOMPLETE,NOT_BENCHMARK_READY
2068,H2-DRI-EAF,,,,,,,,,,,,,,,,,,,,,{},{},False,,,UNKNOWN,INCOMPLETE,NOT_BENCHMARK_READY
2069,H2-DRI-EAF,,,,,,,,,,,,,,,,,,,,,{},{},False,,,UNKNOWN,INCOMPLETE,NOT_BENCHMARK_READY
2070,H2-DRI-EAF,,,,,,,,,,,,,,,,,,,,,{},{},False,,,UNKNOWN,INCOMPLETE,NOT_BENCHMARK_READY
2024,Scrap-EAF,144.29,1.0,160.32222222222222,160.32222222222222,0.0,7374.822222222222,6204.469999999999,0.0,0.0,,2597.2200000000003,0.0,,,144.29,144.29,160.32222222222222,,,,{},{},False,,,PROJECT_PROPOSAL,INCOMPLETE,DATA_LIMITED
2025,Scrap-EAF,162.7403846153846,1.0,180.82264957264957,20.500427350427344,0.0,8317.84188034188,6997.836538461538,0.0,0.0,,2929.3269230769233,0.0,,,162.7403846153846,162.7403846153846,20.500427350427344,,,,{},{},False,,,PROJECT_PROPOSAL,INCOMPLETE,DATA_LIMITED
2026,Scrap-EAF,181.19076923076923,1.0,201.3230769230769,20.500427350427373,0.0,9260.861538461539,7791.203076923077,0.0,0.0,,3261.4338461538464,0.0,,,181.19076923076923,181.19076923076923,20.500427350427373,,,,{},{},False,,,PROJECT_PROPOSAL,INCOMPLETE,DATA_LIMITED
2027,Scrap-EAF,199.64115384615386,1.0,221.82350427350428,20.500427350427344,0.0,10203.881196581196,8584.569615384617,0.0,0.0,,3593.5407692307695,0.0,,,199.64115384615386,199.64115384615386,20.500427350427344,,,,{},{},False,,,PROJECT_PROPOSAL,INCOMPLETE,DATA_LIMITED
2028,Scrap-EAF,218.09153846153845,1.0,242.3239316239316,20.500427350427344,0.0,11146.900854700854,9377.936153846153,0.0,0.0,,3925.6476923076925,0.0,,,218.09153846153845,218.09153846153845,20.500427350427344,,,,{},{},False,,,PROJECT_PROPOSAL,INCOMPLETE,DATA_LIMITED
2029,Scrap-EAF,236.54192307692307,1.0,262.824358974359,20.500427350427344,0.0,12089.920512820512,10171.302692307692,0.0,0.0,,4257.754615384616,0.0,,,236.54192307692307,236.54192307692307,20.500427350427344,,,,{},{},False,,,PROJECT_PROPOSAL,INCOMPLETE,DATA_LIMITED
2030,Scrap-EAF,254.9923076923077,1.0,283.3247863247863,20.500427350427344,0.0,13032.94017094017,10964.66923076923,0.0,0.0,,4589.861538461539,0.0,,,254.9923076923077,254.9923076923077,20.500427350427344,,,,{},{},False,,,PROJECT_PROPOSAL,INCOMPLETE,DATA_LIMITED
2031,Scrap-EAF,273.4426923076923,1.0,303.82521367521366,20.5004273504274,0.0,13975.959829059828,11758.03576923077,0.0,0.0,,4921.968461538462,0.0,,,273.4426923076923,273.4426923076923,20.5004273504274,,,,{},{},False,,,PROJECT_PROPOSAL,INCOMPLETE,DATA_LIMITED
2032,Scrap-EAF,291.89307692307693,1.0,324.325641025641,20.500427350427344,0.0,14918.979487179486,12551.402307692308,0.0,0.0,,5254.075384615385,0.0,,,291.89307692307693,291.89307692307693,20.500427350427344,,,,{},{},False,,,PROJECT_PROPOSAL,INCOMPLETE,DATA_LIMITED
2033,Scrap-EAF,310.3434615384615,1.0,344.82606837606835,20.500427350427287,0.0,15861.999145299143,13344.768846153844,0.0,0.0,,5586.182307692307,0.0,,,310.3434615384615,310.3434615384615,20.500427350427287,,,,{},{},False,,,PROJECT_PROPOSAL,INCOMPLETE,DATA_LIMITED
2034,Scrap-EAF,328.7938461538462,1.0,365.32649572649575,20.5004273504274,0.0,16805.018803418803,14138.135384615385,0.0,0.0,,5918.289230769231,0.0,,,328.7938461538462,328.7938461538462,20.5004273504274,,,,{},{},False,,,PROJECT_PROPOSAL,INCOMPLETE,DATA_LIMITED
2035,Scrap-EAF,347.24423076923074,1.0,385.82692307692304,20.500427350427287,0.0,17748.03846153846,14931.501923076921,0.0,0.0,,6250.3961538461535,0.0,,,347.24423076923074,347.24423076923074,20.500427350427287,,,,{},{},False,,,PROJECT_PROPOSAL,INCOMPLETE,DATA_LIMITED
2036,Scrap-EAF,365.6946153846154,1.0,406.32735042735044,20.500427350427458,0.0,18691.05811965812,15724.868461538463,0.0,0.0,,6582.503076923078,0.0,,,365.6946153846154,365.6946153846154,20.500427350427458,,,,{},{},False,,,PROJECT_PROPOSAL,INCOMPLETE,DATA_LIMITED
2037,Scrap-EAF,384.145,1.0,426.8277777777777,20.500427350427316,0.0,19634.077777777777,16518.235,0.0,0.0,,6914.610000000001,0.0,,,384.145,384.145,20.500427350427316,,,,{},{},False,,,PROJECT_PROPOSAL,INCOMPLETE,DATA_LIMITED
2038,Scrap-EAF,402.59538461538466,1.0,447.3282051282052,20.500427350427344,0.0,20577.097435897438,17311.601538461542,0.0,0.0,,7246.716923076924,0.0,,,402.59538461538466,402.59538461538466,20.500427350427344,,,,{},{},False,,,PROJECT_PROPOSAL,INCOMPLETE,DATA_LIMITED
2039,Scrap-EAF,421.0457692307692,1.0,467.82863247863247,20.500427350427373,0.0,21520.117094017092,18104.968076923076,0.0,0.0,,7578.823846153847,0.0,,,421.0457692307692,421.0457692307692,20.500427350427373,,,,{},{},False,,,PROJECT_PROPOSAL,INCOMPLETE,DATA_LIMITED
2040,Scrap-EAF,439.4961538461539,1.0,488.3290598290599,20.500427350427458,0.0,22463.136752136754,18898.334615384618,0.0,0.0,,7910.93076923077,0.0,,,439.4961538461539,439.4961538461539,20.500427350427458,,,,{},{},False,,,PROJECT_PROPOSAL,INCOMPLETE,DATA_LIMITED
2041,Scrap-EAF,457.94653846153847,1.0,508.82948717948716,20.50042735042723,0.0,23406.156410256408,19691.701153846156,0.0,0.0,,8243.037692307693,0.0,,,457.94653846153847,457.94653846153847,20.50042735042723,,,,{},{},False,,,PROJECT_PROPOSAL,INCOMPLETE,DATA_LIMITED
2042,Scrap-EAF,476.39692307692303,1.0,529.3299145299145,20.500427350427344,0.0,24349.176068376066,20485.06769230769,0.0,0.0,,8575.144615384615,0.0,,,476.39692307692303,476.3969230769231,20.500427350427344,,,,{},{},False,,,PROJECT_PROPOSAL,INCOMPLETE,DATA_LIMITED
2043,Scrap-EAF,494.8473076923077,1.0,549.8303418803418,20.500427350427458,0.0,25292.195726495724,21278.43423076923,0.0,0.0,,8907.25153846154,0.0,,,494.8473076923077,494.84730769230765,20.500427350427458,,,,{},{},False,,,PROJECT_PROPOSAL,INCOMPLETE,DATA_LIMITED
2044,Scrap-EAF,513.2976923076924,1.0,570.3307692307693,20.500427350427344,0.0,26235.21538461539,22071.800769230773,0.0,0.0,,9239.358461538464,0.0,,,513.2976923076924,513.2976923076924,20.500427350427344,,,,{},{},False,,,PROJECT_PROPOSAL,INCOMPLETE,DATA_LIMITED
2045,Scrap-EAF,531.748076923077,1.0,590.8311965811967,20.500427350427344,0.0,27178.235042735047,22865.16730769231,0.0,0.0,,9571.465384615385,0.0,,,531.748076923077,531.748076923077,20.500427350427344,,,,{},{},False,,,PROJECT_PROPOSAL,INCOMPLETE,DATA_LIMITED
2046,Scrap-EAF,550.1984615384615,1.0,611.3316239316239,20.50042735042723,0.0,28121.254700854697,23658.533846153845,0.0,0.0,,9903.572307692308,0.0,,,550.1984615384615,550.1984615384615,20.50042735042723,,,,{},{},False,,,PROJECT_PROPOSAL,INCOMPLETE,DATA_LIMITED
2047,Scrap-EAF,568.6488461538462,1.0,631.8320512820513,20.500427350427458,0.0,29064.274358974362,24451.900384615386,0.0,0.0,,10235.679230769232,0.0,,,568.6488461538462,568.6488461538462,20.500427350427458,,,,{},{},False,,,PROJECT_PROPOSAL,INCOMPLETE,DATA_LIMITED
2048,Scrap-EAF,587.0992307692309,1.0,652.3324786324787,20.500427350427458,0.0,30007.29401709402,25245.266923076928,0.0,0.0,,10567.786153846157,0.0,,,587.0992307692309,587.0992307692309,20.500427350427458,,,,{},{},False,,,PROJECT_PROPOSAL,INCOMPLETE,DATA_LIMITED
2049,Scrap-EAF,605.5496153846154,1.0,672.832905982906,20.50042735042723,0.0,30950.313675213678,26038.633461538462,0.0,0.0,,10899.89307692308,0.0,,,605.5496153846154,605.5496153846154,20.50042735042723,,,,{},{},False,,,PROJECT_PROPOSAL,INCOMPLETE,DATA_LIMITED
2050,Scrap-EAF,624.0,1.0,693.3333333333334,20.500427350427316,0.0,31893.333333333336,26832.0,0.0,0.0,,11232.000000000002,0.0,,,624.0,624.0,20.500427350427316,,,,{},{},False,,,PROJECT_PROPOSAL,INCOMPLETE,DATA_LIMITED
2051,Scrap-EAF,633.85,1.0,704.2777777777778,10.944444444444457,0.0,32396.77777777778,27255.55,0.0,0.0,,11409.300000000001,0.0,,,633.85,633.85,10.944444444444457,,,,{},{},False,,,PROJECT_PROPOSAL,INCOMPLETE,DATA_LIMITED
2052,Scrap-EAF,643.7,1.0,715.2222222222223,10.944444444444457,0.0,32900.222222222226,27679.100000000002,0.0,0.0,,11586.6,0.0,,,643.7,643.7,10.944444444444457,,,,{},{},False,,,PROJECT_PROPOSAL,INCOMPLETE,DATA_LIMITED
2053,Scrap-EAF,653.55,1.0,726.1666666666666,10.944444444444372,0.0,33403.666666666664,28102.649999999998,0.0,0.0,,11763.900000000001,0.0,,,653.55,653.55,10.944444444444372,,,,{},{},False,,,PROJECT_PROPOSAL,INCOMPLETE,DATA_LIMITED
2054,Scrap-EAF,663.4,1.0,737.1111111111111,10.944444444444457,0.0,33907.11111111111,28526.2,0.0,0.0,,11941.2,0.0,,,663.4,663.4,10.944444444444457,,,,{},{},False,,,PROJECT_PROPOSAL,INCOMPLETE,DATA_LIMITED
2055,Scrap-EAF,673.25,1.0,748.0555555555555,10.944444444444457,0.0,34410.555555555555,28949.75,0.0,0.0,,12118.5,0.0,,,673.25,673.25,10.944444444444457,,,,{},{},False,,,PROJECT_PROPOSAL,INCOMPLETE,DATA_LIMITED
2056,Scrap-EAF,683.1,1.0,759.0,10.94444444444457,0.0,34914.0,29373.3,0.0,0.0,,12295.800000000001,0.0,,,683.1,683.1,10.94444444444457,,,,{},{},False,,,PROJECT_PROPOSAL,INCOMPLETE,DATA_LIMITED
2057,Scrap-EAF,692.95,1.0,769.9444444444445,10.944444444444457,0.0,35417.444444444445,29796.850000000002,0.0,0.0,,12473.1,0.0,,,692.95,692.95,10.944444444444457,,,,{},{},False,,,PROJECT_PROPOSAL,INCOMPLETE,DATA_LIMITED
2058,Scrap-EAF,702.8,1.0,780.8888888888888,10.944444444444343,0.0,35920.88888888888,30220.399999999998,0.0,0.0,,12650.4,0.0,,,702.8,702.8,10.944444444444343,,,,{},{},False,,,PROJECT_PROPOSAL,INCOMPLETE,DATA_LIMITED
2059,Scrap-EAF,712.65,1.0,791.8333333333333,10.944444444444457,0.0,36424.33333333333,30643.95,0.0,0.0,,12827.7,0.0,,,712.65,712.65,10.944444444444457,,,,{},{},False,,,PROJECT_PROPOSAL,INCOMPLETE,DATA_LIMITED
2060,Scrap-EAF,722.5,1.0,802.7777777777777,10.944444444444457,0.0,36927.777777777774,31067.5,0.0,0.0,,13005.0,0.0,,,722.5,722.5,10.944444444444457,,,,{},{},False,,,PROJECT_PROPOSAL,INCOMPLETE,DATA_LIMITED
2061,Scrap-EAF,732.35,1.0,813.7222222222222,10.944444444444457,0.0,37431.22222222222,31491.05,0.0,0.0,,13182.3,0.0,,,732.35,732.35,10.944444444444457,,,,{},{},False,,,PROJECT_PROPOSAL,INCOMPLETE,DATA_LIMITED
2062,Scrap-EAF,742.2,1.0,824.6666666666667,10.944444444444457,0.0,37934.66666666667,31914.600000000002,0.0,0.0,,13359.600000000002,0.0,,,742.2,742.2,10.944444444444457,,,,{},{},False,,,PROJECT_PROPOSAL,INCOMPLETE,DATA_LIMITED
2063,Scrap-EAF,752.05,1.0,835.6111111111111,10.944444444444343,0.0,38438.11111111111,32338.149999999998,0.0,0.0,,13536.9,0.0,,,752.05,752.05,10.944444444444343,,,,{},{},False,,,PROJECT_PROPOSAL,INCOMPLETE,DATA_LIMITED
2064,Scrap-EAF,761.9,1.0,846.5555555555555,10.94444444444457,0.0,38941.555555555555,32761.7,0.0,0.0,,13714.199999999999,0.0,,,761.9,761.9,10.94444444444457,,,,{},{},False,,,PROJECT_PROPOSAL,INCOMPLETE,DATA_LIMITED
2065,Scrap-EAF,771.75,1.0,857.5,10.94444444444423,0.0,39445.0,33185.25,0.0,0.0,,13891.500000000002,0.0,,,771.75,771.75,10.94444444444423,,,,{},{},False,,,PROJECT_PROPOSAL,INCOMPLETE,DATA_LIMITED
2066,Scrap-EAF,781.6,1.0,868.4444444444445,10.94444444444457,0.0,39948.444444444445,33608.8,0.0,0.0,,14068.800000000001,0.0,,,781.6,781.6,10.94444444444457,,,,{},{},False,,,PROJECT_PROPOSAL,INCOMPLETE,DATA_LIMITED
2067,Scrap-EAF,791.45,1.0,879.3888888888889,10.944444444444684,0.0,40451.88888888889,34032.35,0.0,0.0,,14246.100000000002,0.0,,,791.45,791.45,10.944444444444684,,,,{},{},False,,,PROJECT_PROPOSAL,INCOMPLETE,DATA_LIMITED
2068,Scrap-EAF,801.3,1.0,890.3333333333333,10.944444444444343,0.0,40955.33333333333,34455.9,0.0,0.0,,14423.4,0.0,,,801.3,801.3,10.944444444444343,,,,{},{},False,,,PROJECT_PROPOSAL,INCOMPLETE,DATA_LIMITED
2069,Scrap-EAF,811.15,1.0,901.2777777777777,10.944444444444343,0.0,41458.777777777774,34879.45,0.0,0.0,,14600.7,0.0,,,811.15,811.15,10.944444444444343,,,,{},{},False,,,PROJECT_PROPOSAL,INCOMPLETE,DATA_LIMITED
2070,Scrap-EAF,821.0,1.0,912.2222222222222,10.944444444444457,0.0,41962.22222222222,35303.0,0.0,0.0,,14778.000000000002,0.0,,,821.0,821.0,10.944444444444457,,,,{},{},False,,,PROJECT_PROPOSAL,INCOMPLETE,DATA_LIMITED
